hebname,numberofpop,city_heights,busStations,num_fact,pol_fact,amount_of_pol,aqi_global,cars,trees,lat,lan,belogns,type
ע'ג'ר,2806,282,1,0,0,0,70,null,837,33.2698823,35.63095,עיר,עיר
נס ציונה,50341,39,160,0,0,0,58,21802,11066,31.9208632,34.7905743,עיר,עיר
עזוז,86,331,1,0,0,0,59,33.05777196,645,30.7916672,34.4722219,מועצה אזורית רמת נגב,ישוב
רחובות,150748,51,30,4,3,11,57,58707,15554,31.8934429,34.806665,עיר,עיר
שדה בוקר,470,470,1,0,0,0,59,180.6645598,645,30.8737395,34.7925947,מועצה אזורית רמת נגב,ישוב
מג'דל א-שמס,11458,1231,21,0,0,0,70,null,7240,33.268388,35.776167,עיר,עיר
טללים,610,361,1,0,0,0,60,234.4795361,645,30.9919058,34.7700732,מועצה אזורית רמת נגב,ישוב
בוקעאתא,6805,28,39,1,1,2,70,3446,16196,33.2097816,35.7789566,עיר,עיר
מרחב עם,516,511,1,0,0,0,59,198.3466259,645,30.8886192,34.828885,מועצה אזורית רמת נגב,ישוב
מסעדה,3869,1034,16,0,0,0,70,null,9941,33.2303921,35.7745654,עיר,עיר
כמהין,198,225,1,0,0,0,60,76.10975126,645,30.9100139,34.4310272,מועצה אזורית רמת נגב,ישוב
עין קנייא,2190,796,12,0,0,0,70,null,2505,33.2391826,35.7342145,עיר,עיר
באר מילכה,208,291,1,0,0,0,60,79.95367918,645,30.9328457,34.4070405,מועצה אזורית רמת נגב,ישוב
מצפה רמון,5263,712,41,3,2,4,56,null,5719,30.6282974,34.8224959,עיר,עיר
רתמים,651,260,1,0,0,0,61,250.2396368,645,31.0539263,34.690428,מועצה אזורית רמת נגב,ישוב
ירוחם,11170,518,104,4,4,11,58,4082,5622,31.0127563,34.9124725,עיר,עיר
מדרשת בן גוריון,1938,473,1,0,0,0,59,744.95302,645,30.8515927,34.7825759,מועצה אזורית רמת נגב,ישוב
נאות חובב,null,379,13,19,18,60,60,null,4085,31.1181666,34.8430399,עיר,עיר
אורות,475,886,1,0,0,0,59,270.7549189,2003,31.7407214,34.734914,מועצה אזורית באר טוביה,ישוב
אשקלון,153138,63,75,10,10,32,51,61038,6625,31.6689613,34.5531364,עיר,עיר
אור הגנוז,607,55,1,0,0,0,71,322.6624919,7875,33.005079,35.4475065,מועצה אזורית מרום הגליל,ישוב
עומר,7710,331,50,1,1,2,59,null,8743,31.2745169,34.8487248,עיר,עיר
תאשור,461,137,1,0,0,0,62,173.0682909,5957,31.3718709,34.6437068,מועצה אזורית בני שמעון,ישוב
דימונה,36776,469,242,4,4,11,55,15460,11627,31.0780389,35.0850931,עיר,עיר
כרמים,560,405,1,0,0,0,59,210.2347993,5957,31.3356266,34.9190091,מועצה אזורית בני שמעון,ישוב
תל שבע,22849,312,17,0,0,0,59,null,1834,31.2505692,34.8658582,עיר,עיר
מיתר,10947,457,45,0,0,0,59,null,3433,31.3236702,34.9374941,עיר,עיר
נאות הכיכר,448,-350,1,0,0,0,53,200.2072536,1362,30.9330032,35.3772356,מועצה אזורית תמר,ישוב
חורה,24822,674,46,1,1,1,59,4782,772,31.2957458,34.9405655,עיר,עיר
עין תמר,202,-347,1,0,0,0,53,90.27202104,1362,30.943309,35.3747349,מועצה אזורית תמר,ישוב
ערד,28170,488,174,3,3,10,53,11876,9133,31.259903,35.2291369,עיר,עיר
ספיר,498,-14,1,0,0,0,53,297.3989772,1362,30.6140945,35.1846411,מועצה אזורית הערבה התיכונה,ישוב
כסייפה,23990,466,71,0,0,0,54,null,1438,31.240538,35.0912012,עיר,עיר
פארן,537,106,1,0,0,0,52,320.6892573,1362,30.3626131,35.1538972,מועצה אזורית הערבה התיכונה,ישוב
ערערה בנגב,20381,458,98,0,0,0,56,null,887,31.1576075,35.0180527,עיר,עיר
עין יהב,856,-83,1,0,0,0,53,511.1918154,1362,30.6569021,35.2381753,מועצה אזורית הערבה התיכונה,ישוב
באר שבע,214162,52,926,1,1,1,57,86943,49801,31.2580293,34.7943978,עיר,עיר
צופר,492,-2,1,0,0,0,53,293.8158567,1362,30.5586234,35.1801426,מועצה אזורית הערבה התיכונה,ישוב
שגב שלום,null,318,13,0,0,0,61,null,3076,31.2013234,34.829761,עיר,עיר
עידן,432,-181,1,0,0,0,53,257.9846559,1362,30.8060345,35.2994035,מועצה אזורית הערבה התיכונה,ישוב
לקיה,16011,391,20,0,0,0,60,null,1573,31.3218899,34.8707871,עיר,עיר
חצבה,723,45,1,0,0,0,53,431.7659848,1362,30.7677164,35.2796246,מועצה אזורית הערבה התיכונה,ישוב
אילת,53151,46,272,3,3,9,52,23921,39020,29.6254459,34.944585,עיר,עיר
נווה חריף,111,438,1,0,0,0,50,40.24604147,875,30.0389533,35.0358704,מועצה אזורית חבל אילות,ישוב
אילות,375,237,1,0,0,0,52,135.9663591,875,29.5812438,34.962663,מועצה אזורית חבל אילות,ישוב
קרית שמונה,22492,209,184,0,0,0,70,10283,20958,33.211582,35.5764977,עיר,עיר
נאות סמדר,233,407,1,0,0,0,50,84.48043019,875,30.0486435,35.0257351,מועצה אזורית חבל אילות,ישוב
מטולה,1740,445,25,0,0,0,70,null,5378,33.2691661,35.5765482,עיר,עיר
יהל,267,194,1,0,0,0,50,96.80804748,875,30.0819416,35.1287689,מועצה אזורית חבל אילות,ישוב
אופקים,35506,732,183,2,2,8,61,11442,1870,31.3080678,34.6361803,עיר,עיר
קטורה,509,114,1,0,0,0,50,184.5516706,875,29.9696388,35.0610494,מועצה אזורית חבל אילות,ישוב
נתיבות,46374,133,152,1,1,2,62,15175,5300,31.4217959,34.5931104,עיר,עיר
אליפז,170,334,1,0,0,0,51,61.63808313,875,29.7964294,35.0119398,מועצה אזורית חבל אילות,ישוב
יסוד המעלה,1798,95,15,0,0,0,71,1169,11959,33.061231,35.6049381,עיר,עיר
סמר,275,94,1,0,0,0,51,99.70866321,875,29.8333743,35.022744,מועצה אזורית חבל אילות,ישוב
קצרין,7876,331,38,1,1,4,71,null,6975,32.9911109,35.6950767,עיר,עיר
אמנון,466,360,1,0,0,0,71,294.0238093,8412,32.9043478,35.5705088,מועצה אזורית מבואות החרמון,ישוב
רהט,79064,222,369,1,1,2,61,22522,9413,31.3872141,34.7522638,עיר,עיר
נאות מרדכי,694,75,1,0,0,0,70,314.2924113,10120,33.160576,35.5965774,מועצה אזורית גליל עליון,ישוב
להבים,7219,296,41,1,1,2,61,null,7424,31.3708188,34.809492,עיר,עיר
יראון,395,679,1,0,0,0,71,178.8840067,10120,33.0777838,35.455753,מועצה אזורית גליל עליון,ישוב
ראש פינה,3308,308,41,2,2,6,71,null,7856,32.9924925,35.5572375,עיר,עיר
מבוא חמה,481,347,1,0,0,0,67,244.6248117,16349,32.7363463,35.6556132,מועצה אזורית גולן,ישוב
טובא זנגריה,7095,245,16,0,0,0,71,3081,1525,32.9650651,35.5897844,עיר,עיר
נטור,958,418,1,0,0,0,69,487.215319,16349,32.8538055,35.7514617,מועצה אזורית גולן,ישוב
צפת,38029,604,203,1,1,2,71,10179,25696,32.9581555,35.496666,עיר,עיר
כנף,486,293,1,0,0,0,70,247.1676831,16349,32.8694734,35.6979749,מועצה אזורית גולן,ישוב
חצור הגלילית,10047,240,45,0,0,0,71,4110,5200,32.9851337,35.5421003,עיר,עיר
שעל,343,783,1,0,0,0,70,174.4413895,16349,33.1166371,35.7187153,מועצה אזורית גולן,ישוב
בית שמש,154694,74,563,4,4,13,69,27313,52725,31.731312,34.9871294,עיר,עיר
אניעם,499,87,1,0,0,0,70,253.7791635,16349,32.9568708,35.7397621,מועצה אזורית גולן,ישוב
קרית גת,64437,128,246,0,0,0,59,20621,11410,31.613324,34.7714058,עיר,עיר
קשת,878,701,1,0,0,0,70,446.529275,16349,32.980733,35.8085857,מועצה אזורית גולן,ישוב
שדרות,33002,89,177,1,1,4,64,13456,6765,31.5328742,34.5999316,עיר,עיר
אלוני הבשן,518,70,1,0,0,0,70,263.4421007,16349,33.0440867,35.8391653,מועצה אזורית גולן,ישוב
אשדוד,226827,-200,38,2,2,6,63,71242,38526,31.8129899,34.6595346,עיר,עיר
נמרוד,null,1092,1,0,0,0,70,null,16349,33.2452094,35.7510271,מועצה אזורית גולן,ישוב
גן יבנה,24574,155,83,0,0,0,61,11651,11751,31.7904866,34.7006846,עיר,עיר
רמת מגשימים,820,429,1,0,0,0,68,417.0318967,16349,32.8440285,35.8073845,מועצה אזורית גולן,ישוב
גדרה,31438,89,85,0,0,0,63,12955,5068,31.8145383,34.7803155,עיר,עיר
נאות גולן,713,311,1,0,0,0,68,362.6143252,16349,32.7867059,35.6929699,מועצה אזורית גולן,ישוב
"בני עי""ש",6881,38,19,0,0,0,61,35341,0,31.791333,34.7609477,עיר,עיר
אל-רום,470,93,1,0,0,0,70,239.0304743,16349,33.1796457,35.7721224,מועצה אזורית גולן,ישוב
עפולה,61519,144,302,4,4,9,66,23186,31837,32.6089799,35.3108286,עיר,עיר
יונתן,860,548,1,0,0,0,70,437.374914,16349,32.9384707,35.794963,מועצה אזורית גולן,ישוב
אום אל-פחם,58665,139,163,0,0,0,60,25280,70428,32.5324342,35.1512369,עיר,עיר
זוהר,327,122,1,0,0,0,59,141.0097516,8768,31.5956483,34.6937036,מועצה אזורית לכיש,ישוב
מעלה עירון,15861,249,22,0,0,0,62,null,22893,32.5496539,35.175703,עיר,עיר
שקף,601,417,1,0,0,0,58,259.1647111,8768,31.5156708,34.9377978,מועצה אזורית לכיש,ישוב
בית שאן,19073,302,96,5,5,14,58,7915,2679,32.5017959,35.4956685,עיר,עיר
אליאב,763,31,1,0,0,0,58,329.0227538,8768,31.529931,34.9314799,מועצה אזורית לכיש,ישוב
קרית מלאכי,25705,62,88,0,0,0,58,9576,3062,31.7309347,34.752318,עיר,עיר
כרמי קטיף,678,337,1,0,0,0,58,292.3688453,8768,31.5372434,34.9126772,מועצה אזורית לכיש,ישוב
יבנה,56232,30,209,1,1,2,67,24317,18963,31.8816585,34.7149299,עיר,עיר
איתנים,61,1050,1,0,0,0,62,32.66611885,13314,31.7790429,35.095001,מועצה אזורית מטה יהודה,ישוב
מבשרת ציון,25487,720,114,0,0,0,57,null,13457,31.7966713,35.1520742,עיר,עיר
מזכרת בתיה,15726,62,43,1,1,3,60,null,2332,31.840541,34.8442926,עיר,עיר
אלון הגליל,1135,662,1,0,0,0,63,583.4959893,7744,32.7571188,35.2199802,מועצה אזורית עמק יזרעאל,ישוב
ירושלים,981711,715,2258,10,8,24,57,300861,223028,31.7961435,35.1751235,עיר,עיר
כפר אוריה,910,199,1,0,0,0,62,487.3142606,13314,31.7919952,34.9465718,מועצה אזורית מטה יהודה,ישוב
קרית עקרון,10993,55,41,0,0,0,59,null,1336,31.8615112,34.8225839,עיר,עיר
תרום,966,284,1,0,0,0,65,517.3028304,13314,31.7825667,34.9815088,מועצה אזורית מטה יהודה,ישוב
מודיעין-מכבים-רעות,99171,294,365,1,1,2,54,44930,57133,31.8954236,34.9873159,עיר,עיר
צלפון,1095,168,1,0,0,0,60,586.383626,13314,31.8041263,34.9327461,מועצה אזורית מטה יהודה,ישוב
רמלה,79132,76,74,4,4,15,56,34839,9485,31.9257419,34.868026,עיר,עיר
שואבה,597,620,1,0,0,0,62,319.6995772,13314,31.7991564,35.0790886,מועצה אזורית מטה יהודה,ישוב
באר יעקב,31325,217,97,0,0,0,57,13109,6011,31.9477459,34.8407975,עיר,עיר
צרעה,936,208,1,0,0,0,67,501.2375098,13314,31.7627391,34.9686245,מועצה אזורית מטה יהודה,ישוב
לוד,85351,56,181,2,2,8,59,61449,11876,31.9535985,34.8911491,עיר,עיר
עין ראפה,1297,605,1,0,0,0,61,694.5567007,13314,31.7901732,35.1162744,מועצה אזורית מטה יהודה,ישוב
קרית יערים,6555,711,15,0,0,0,61,null,1359,31.8054662,35.0992853,עיר,עיר
צובה,621,724,1,0,0,0,61,332.5518176,13314,31.7826765,35.1206998,מועצה אזורית מטה יהודה,ישוב
אבו גוש,7942,71,27,0,0,0,56,2935,2973,31.8065162,35.1085953,עיר,עיר
אלישיב,715,27,1,0,0,0,61,396.2953616,3915,32.3802538,34.9092219,מועצה אזורית עמק חפר,ישוב
ראשון לציון,260453,41,22,6,6,17,58,156399,37722,31.9749608,34.7787412,עיר,עיר
בית זית,1621,-200,1,0,0,0,57,868.0619864,13314,31.7825806,35.1593248,מועצה אזורית מטה יהודה,ישוב
בית דגן,7823,148,31,0,0,0,55,9399,1385,31.9983838,34.8297841,עיר,עיר
תעוז,657,null,1,0,0,0,63,351.8301917,13314,31.8020367,34.9744581,מועצה אזורית מטה יהודה,ישוב
בת ים,128465,91,194,0,0,0,59,41559,6025,32.0131235,34.7453451,עיר,עיר
אלמגור,425,122,1,0,0,0,71,267.4856581,2002,32.9139417,35.603248,מועצה אזורית עמק הירדן,ישוב
אזור,13593,169,41,0,0,0,58,7392,1947,32.022503,34.8058962,עיר,עיר
תירוש,452,149,1,0,0,0,61,242.0506036,13314,31.750842,34.8860998,מועצה אזורית מטה יהודה,ישוב
חולון,197957,76,329,1,1,1,58,109757,12212,32.0136965,34.7850257,עיר,עיר
נטף,493,506,1,0,0,0,60,264.0065266,13314,31.8320125,35.0679987,מועצה אזורית מטה יהודה,ישוב
אור יהודה,38854,15,78,1,1,4,54,21543,1850,32.029023,34.8515218,עיר,עיר
גיזו,207,297,1,0,0,0,59,110.850597,13314,31.8041199,34.9380852,מועצה אזורית מטה יהודה,ישוב
יהוד מונוסון,31405,40,74,0,0,0,53,16192,7063,32.0321852,34.8869814,עיר,עיר
אפיקים,1488,24,1,0,0,0,65,936.5144963,2002,32.681369,35.5783318,מועצה אזורית עמק הירדן,ישוב
רמת גן,172486,37,264,0,0,0,66,103357,13711,32.0708345,34.8268585,עיר,עיר
תל־אביב–יפו,474530,17,1097,0,0,0,62,251302,42645,32.0881602,34.7956964,עיר,עיר
אשבל,141,23,1,0,0,0,71,66.81415115,8060,32.876801,35.3049739,מועצה אזורית משגב,ישוב
פתח תקווה,255387,31,579,5,5,18,60,107907,38690,32.0906419,34.8874427,עיר,עיר
אשדות יעקב איחוד,1011,-200,1,0,0,0,66,636.3011792,2002,32.6581629,35.5811432,מועצה אזורית עמק הירדן,ישוב
בני ברק,218357,390,201,1,1,4,65,36612,2349,32.0887183,34.8353594,עיר,עיר
בית ניר,616,663,1,0,0,0,60,112.1374474,7355,31.6472934,34.874131,מועצה אזורית יואב,ישוב
הרצליה,106741,479,293,0,0,0,63,53307,20456,32.1734707,34.8261063,עיר,עיר
אשדות יעקב מאוחד,693,362,1,0,0,0,66,436.1589707,2002,32.662065,35.5820015,מועצה אזורית עמק הירדן,ישוב
רמת השרון,48181,39,127,1,1,2,63,24643,12777,32.1353218,34.8317862,עיר,עיר
כפר הרי״ף,843,null,1,0,0,0,60,153.4608231,7355,31.7463333,34.7924638,מועצה אזורית יואב,ישוב
גבעת שמואל,28994,250,45,0,0,0,65,12201,1452,32.0779996,34.8517752,עיר,עיר
אשחר,1009,192,1,0,0,0,71,478.1239219,8060,32.8851173,35.3001894,מועצה אזורית משגב,ישוב
קריית אונו,43241,61,116,0,0,0,60,null,3122,32.0521514,34.8524764,עיר,עיר
שדה יואב,607,98,1,0,0,0,58,110.4990735,7355,31.6457313,34.6769569,מועצה אזורית יואב,ישוב
גבעתיים,61924,86,79,0,0,0,63,null,2856,32.070152,34.8092978,עיר,עיר
ורדון,267,90,1,0,0,0,60,48.60503033,7355,31.6635292,34.7821917,מועצה אזורית יואב,ישוב
נתניה,233104,28,517,5,5,15,62,89470,32644,32.3041939,34.8603758,עיר,עיר
כפר ורבורג,1114,54,1,0,0,0,60,634.9915462,2003,31.7199638,34.7241807,מועצה אזורית באר טוביה,ישוב
כפר יונה,29450,42,79,0,0,0,61,null,18285,32.3233058,34.9284807,עיר,עיר
חצור אשדוד,690,431,1,0,0,0,60,393.3071536,2003,31.7730925,34.7210185,מועצה אזורית באר טוביה,ישוב
פרדסיה,7421,52,12,0,0,0,62,null,3044,32.3078967,34.909329,עיר,עיר
נווה מבטח,673,61,1,0,0,0,62,383.6169737,2003,31.8059239,34.7410254,מועצה אזורית באר טוביה,ישוב
הוד השרון,65614,52,141,2,2,4,61,32203,31628,32.1460228,34.8915859,עיר,עיר
רעננה,80260,48,204,0,0,0,62,38922,21500,32.1896838,34.8640112,עיר,עיר
שדמה,586,48,1,0,0,0,66,338.5928049,1423,31.8330746,34.7403755,מועצה אזורית גדרות,ישוב
כפר סבא,101556,52,212,0,0,0,61,48728,24492,32.1802248,34.921053,עיר,עיר
קבוצת יבנה,940,50,1,0,0,0,62,327.4638584,3283,31.8138222,34.7190625,מועצה אזורית חבל יבנה,ישוב
כפר שמריהו,1951,31,6,0,0,0,63,null,2665,32.1858909,34.8261078,עיר,עיר
בן זכאי,1080,28,1,0,0,0,68,376.2350716,3283,31.8568839,34.729583,מועצה אזורית חבל יבנה,ישוב
כפר כמא,3500,209,29,0,0,0,71,1680,1256,32.7197687,35.4333256,עיר,עיר
רמות מנשה,1244,181,1,0,0,0,64,539.801158,18851,32.5978839,35.0576452,מועצה אזורית מגידו,ישוב
שבלי - אום אל-ר'נם,6370,178,28,0,0,0,66,null,2978,32.6858431,35.3968221,עיר,עיר
בית אורן,594,43,1,0,0,0,56,299.1936047,13678,32.730556,35.005556,מועצה אזורית חוף הכרמל,ישוב
איכסאל,15336,288,35,0,0,0,76,7291,2614,32.673073,35.3298125,עיר,עיר
דגניה ב',704,769,1,0,0,0,68,443.0821288,2002,32.6999198,35.5747095,מועצה אזורית עמק הירדן,ישוב
מגדל העמק,27088,205,177,3,3,11,68,9989,18285,32.6800668,35.2441377,עיר,עיר
חוקוק,646,416,1,0,0,0,71,406.578198,2002,32.8800375,35.4944564,מועצה אזורית עמק הירדן,ישוב
יפיע,19704,294,65,0,0,0,71,9074,3409,32.683597,35.2709737,עיר,עיר
בית העמק,743,-26,1,0,0,0,66,351.4829249,7403,32.9704922,35.1461366,מועצה אזורית מטה אשר,ישוב
נוף הגליל,44184,328,266,0,0,0,72,17354,60450,32.7253885,35.3497002,עיר,עיר
שער הגולן,515,-195,1,0,0,0,67,324.1296777,2002,32.6858143,35.6042877,מועצה אזורית עמק הירדן,ישוב
דבוריה,10831,306,33,0,0,0,67,5428,3402,32.6893614,35.3671203,עיר,עיר
בית זרע,624,66,1,0,0,0,68,392.7318818,2002,32.6882909,35.5733669,מועצה אזורית עמק הירדן,ישוב
כפר תבור,4410,103,13,0,0,0,66,null,2602,32.6845378,35.4220878,עיר,עיר
רביד,108,165,1,0,0,0,71,67.97282681,2002,32.8515851,35.4634262,מועצה אזורית עמק הירדן,ישוב
עין מאהל,13931,405,46,0,0,0,72,null,3366,32.7182083,35.3567982,עיר,עיר
כפר יחזקאל,1242,7,1,0,0,0,59,135.3320638,4128,32.5682864,35.3624076,מועצה אזורית גלבוע,ישוב
משהד,8771,268,12,0,0,0,70,null,6923,32.7533568,35.3227225,עיר,עיר
רם און,957,79,1,0,0,0,62,104.2776088,4128,32.5272379,35.259032,מועצה אזורית גלבוע,ישוב
ריינה,19397,317,30,0,0,0,71,null,5515,32.7291815,35.3055636,עיר,עיר
בית חנניה,918,103,1,0,0,0,63,462.3901065,13678,32.5282617,34.92503,מועצה אזורית חוף הכרמל,ישוב
כפר כנא,24108,228,91,1,0,0,64,10782,4545,32.7530323,35.3465822,עיר,עיר
גדעונה,509,57,1,0,0,0,59,55.46217811,4128,32.5487479,35.359246,מועצה אזורית גלבוע,ישוב
עילוט,8863,273,51,0,0,0,68,null,5144,32.720391,35.2634,עיר,עיר
רמת צבי,768,53,1,0,0,0,64,83.68360214,4128,32.5915062,35.4145248,מועצה אזורית גלבוע,ישוב
נצרת,78007,347,350,0,0,0,69,38293,15714,32.7045332,35.2897933,עיר,עיר
גדיש,407,-13,1,0,0,0,64,44.34794982,4128,32.5588503,35.2448954,מועצה אזורית גלבוע,ישוב
בועיינה ניג'ידאת,10289,1096,21,0,0,0,71,null,5395,32.8125929,35.3739868,עיר,עיר
יעל,null,71,1,0,0,0,61,null,4128,32.5519235,35.3079001,מועצה אזורית גלבוע,ישוב
ביר אל מכסור,10175,288,37,0,0,0,65,4474,4062,32.7855889,35.2241013,עיר,עיר
מולדת,1082,62,1,0,0,0,65,117.8979936,4128,32.5860767,35.4401307,מועצה אזורית גלבוע,ישוב
טורעאן,14809,63,28,2,2,7,71,6877,4870,32.7753088,35.3808409,עיר,עיר
תמרת,1291,239,1,0,0,0,64,663.6945671,7744,32.7038078,35.2253075,מועצה אזורית עמק יזרעאל,ישוב
כפר מנדא,21473,180,49,1,1,2,67,null,3703,32.806287,35.2612743,עיר,עיר
בית עובד,259,132,1,0,0,0,60,148.5984004,2757,31.921288,34.7737889,מועצה אזורית גן רווה,ישוב
אעבלין,13843,338,61,9,8,15,64,6430,6605,32.8280041,35.17466,עיר,עיר
שריד,889,89,1,0,0,0,66,457.029009,7744,32.6641744,35.2249937,מועצה אזורית עמק יזרעאל,ישוב
כווכב אבו אל-היג'א,3773,369,14,0,0,0,67,5635,3954,32.8295302,35.2511444,עיר,עיר
בית רימון,982,-134,1,0,0,0,67,479.204206,4622,32.7819472,35.3277836,מועצה אזורית גליל תחתון,ישוב
שפרעם,43543,137,222,1,1,1,63,20739,15868,32.80091,35.1789465,עיר,עיר
גבעת אלה,1896,59,1,0,0,0,66,974.7210594,7744,32.7208483,35.2448953,מועצה אזורית עמק יזרעאל,ישוב
טמרה,35834,94,150,0,0,0,64,3904.580831,23817,32.8502268,35.177099,עיר,עיר
טמרה,35834,94,150,0,0,0,64,3904.580831,23817,32.6343499,35.4042528,מועצה אזורית גלבוע,ישוב
טמרה,35834,94,150,0,0,0,64,4263.118765,23817,32.8502268,35.177099,עיר,עיר
טמרה,35834,94,150,0,0,0,64,4263.118765,23817,32.6343499,35.4042528,מועצה אזורית גלבוע,ישוב
הושעיה,2057,64,1,0,0,0,68,1057.490086,7744,32.7585699,35.2932906,מועצה אזורית עמק יזרעאל,ישוב
כאבול,14628,76,43,0,0,0,66,null,5322,32.8766928,35.2031154,עיר,עיר
גשר,462,20,1,0,0,0,62,null,2509,32.6206515,35.5520809,מועצה אזורית עמק המעיינות,ישוב
יבנאל,4542,12,32,0,0,0,66,1765,3511,32.7101461,35.5115433,עיר,עיר
כפר רופין,546,-246,1,0,0,0,58,null,2509,32.4581631,35.556773,מועצה אזורית עמק המעיינות,ישוב
טבריה,48472,294,312,1,1,1,71,17498,6727,32.7830887,35.5291301,עיר,עיר
רוויה,459,-109,1,0,0,0,58,null,2509,32.4492455,35.4727211,מועצה אזורית עמק המעיינות,ישוב
מגדל,2031,-87,28,0,0,0,71,null,2533,32.8364653,35.4946433,עיר,עיר
מר'אר,23998,148,140,0,0,0,71,10865,4551,32.8732293,35.4205252,עיר,עיר
מעלה גלבוע,843,439,1,0,0,0,59,null,2509,32.4780173,35.4174978,מועצה אזורית עמק המעיינות,ישוב
עילבון,5799,172,27,0,0,0,71,null,1403,32.8422808,35.4001665,עיר,עיר
נווה איתן,308,-231,1,0,0,0,58,null,2509,32.4920626,35.5327856,מועצה אזורית עמק המעיינות,ישוב
קרית אתא,61142,35,222,0,0,0,64,25470,21057,32.8015192,35.1060152,עיר,עיר
נווה אור,356,-223,1,0,0,0,63,null,2509,32.5886496,35.5531494,מועצה אזורית עמק המעיינות,ישוב
קרית ביאליק,44620,12,116,0,0,0,63,18960,12573,32.8423869,35.0940029,עיר,עיר
עין הנציב,641,-143,1,0,0,0,58,null,2509,32.4697596,35.5014843,מועצה אזורית עמק המעיינות,ישוב
חיפה,290306,80,47,18,18,62,60,138166,130535,32.8003263,35.0148555,עיר,עיר
מירב,787,395,1,0,0,0,59,null,2509,32.4533873,35.4215378,מועצה אזורית עמק המעיינות,ישוב
נשר,23761,155,191,0,0,0,58,10282,34697,32.7668042,35.0420437,עיר,עיר
מלכישוע,null,509,1,0,0,0,59,null,2509,32.4385275,35.4130069,מועצה אזורית עמק המעיינות,ישוב
קרית ים,41095,7,110,0,0,0,65,13956,12413,32.8615738,35.0743102,עיר,עיר
גני טל,923,63,1,0,0,0,60,327.9475913,1325,31.7886881,34.791191,מועצה אזורית נחל שורק,ישוב
עכו,51420,8,102,4,4,12,64,20643,22002,32.9174426,35.0870296,עיר,עיר
גן שורק,703,45,1,0,0,0,60,403.3385106,2757,31.9447315,34.7599212,מועצה אזורית גן רווה,ישוב
קרית מוצקין,48001,9,101,0,0,0,65,19573,7710,32.8484234,35.0829327,עיר,עיר
רמות מאיר,757,82,1,0,0,0,58,386.5398363,1980,31.8745635,34.8558152,מועצה אזורית גזר,ישוב
דיר אל אסד,13078,225,27,0,0,0,71,5980,7782,32.9443194,35.2751964,עיר,עיר
חולדה,1187,33,1,0,0,0,59,606.1067059,1980,31.8311138,34.8828125,מועצה אזורית גזר,ישוב
כרמיאל,47317,270,233,4,2,5,72,19862,38638,32.9124577,35.3116617,עיר,עיר
בענה,8629,26,26,1,0,0,72,3873,997,32.9289182,35.2785653,עיר,עיר
משמר דוד,1367,149,1,0,0,0,59,698.0184243,1980,31.8224828,34.9009264,מועצה אזורית גזר,ישוב
מג'ד אל כרום,15777,243,39,0,0,0,69,null,10093,32.9155461,35.229017,עיר,עיר
גני הדר,371,78,1,0,0,0,58,189.4402555,1980,31.8792591,34.8530401,מועצה אזורית גזר,ישוב
שעב,7469,51,23,0,0,0,68,null,4175,32.8931258,35.2232812,עיר,עיר
נחף,13717,318,25,0,0,0,72,null,1468,32.9350065,35.3167482,עיר,עיר
גבע כרמל,1205,120,1,0,0,0,50,606.9499838,13678,32.6636235,34.9549687,מועצה אזורית חוף הכרמל,ישוב
סג'ור,4481,346,12,0,0,0,72,null,461,32.9390008,35.3427176,עיר,עיר
נופך,631,60,1,0,0,0,52,353.7164474,6080,32.0435572,34.9207276,מועצה אזורית חבל מודיעין,ישוב
כסרה - סמיע,9223,624,47,0,0,0,71,3682,19983,32.9716817,35.295991,עיר,עיר
כפר רות,275,286,1,0,0,0,54,154.1553396,6080,31.9107467,35.0357676,מועצה אזורית חבל מודיעין,ישוב
כוכב יאיר,8977,95,33,0,0,0,60,5807,8479,32.220069,34.9952116,עיר,עיר
גבעת שפירא,423,37,1,0,0,0,61,234.4516556,3915,32.3578622,34.8762757,מועצה אזורית עמק חפר,ישוב
טירה,27802,61,99,0,0,0,60,14765,4461,32.2331504,34.9603285,עיר,עיר
טייבה,null,null,null,2,1,2,60,null,7410,32.2615389,34.9990376,עיר,עיר
חורשים,350,442,1,0,0,0,58,187.1750736,3346,32.1372148,34.9706974,מועצה אזורית דרום השרון,ישוב
יקנעם עילית,24617,153,139,0,0,0,65,10622,20154,32.6551822,35.0883266,עיר,עיר
פוריידיס,13722,50,57,0,0,0,52,null,3599,32.5982889,34.9534574,עיר,עיר
שושנת העמקים,489,19,1,0,0,0,62,271.0327683,3915,32.3543061,34.8567151,מועצה אזורית עמק חפר,ישוב
"בסמ""ה",10743,189,null,0,0,0,58,5058,0,32.5056954,35.1007061,עיר,עיר
חגלה,864,-8,1,0,0,0,60,478.8799864,3915,32.3875165,34.9257315,מועצה אזורית עמק חפר,ישוב
כפר קרע,20018,109,98,1,1,1,65,null,6621,32.5052941,35.047022,עיר,עיר
מעברות,997,14,1,0,0,0,61,552.5964653,3915,32.3639465,34.9046905,מועצה אזורית עמק חפר,ישוב
ערערה,26147,171,77,0,0,0,58,null,15136,32.5013817,35.0932129,עיר,עיר
ג'וליס,6738,37,41,0,0,0,67,3616,2030,32.9415161,35.1802806,עיר,עיר
חרוצים,916,115,1,0,0,0,62,495.2898995,3021,32.2275023,34.8641079,מועצה אזורית חוף השרון,ישוב
ירכא,17759,252,61,0,0,0,69,8801,14780,32.9577981,35.2107279,עיר,עיר
יקום,813,15,1,0,0,0,62,439.5968184,3021,32.2485734,34.842087,מועצה אזורית חוף השרון,ישוב
כפר יאסיף,10394,58,36,0,0,0,66,5691,3642,32.9507643,35.1486642,עיר,עיר
שדמות דבורה,698,146,1,0,0,0,71,340.6156182,4622,32.6954933,35.4374472,מועצה אזורית גליל תחתון,ישוב
ג'דיידה-מכר,21617,112,30,0,0,0,65,null,3898,32.931292,35.1422728,עיר,עיר
מסד,389,263,1,0,0,0,71,189.8273299,4622,32.8433385,35.4229425,מועצה אזורית גליל תחתון,ישוב
דיר חנא,10747,444,41,0,0,0,71,5096,4988,32.8641681,35.3676261,עיר,עיר
לביא,604,299,1,0,0,0,71,294.7447419,4622,32.7872253,35.4416661,מועצה אזורית גליל תחתון,ישוב
עראבה,27115,246,51,0,0,0,71,12093,4579,32.8558766,35.3406127,עיר,עיר
דור,465,105,1,0,0,0,47,234.2172047,13678,32.6075668,34.9230461,מועצה אזורית חוף הכרמל,ישוב
זכרון יעקב,24145,269,51,0,0,0,57,11189,71531,32.565165,34.9654331,עיר,עיר
בנימינה - גבעת עדה,16281,235,89,0,0,0,62,6835,24228,32.5257485,34.9756072,עיר,עיר
חרשים,373,8,1,0,0,0,72,176.7494814,8060,32.9569673,35.3279785,מועצה אזורית משגב,ישוב
אור עקיבא,20874,802,115,1,1,4,64,9317,7145,32.5023664,34.925904,עיר,עיר
שכניה,772,439,1,0,0,0,68,365.8192823,8060,32.8487331,35.246984,מועצה אזורית משגב,ישוב
פרדס חנה - כרכור,46485,48,173,0,0,0,66,null,37529,32.4748661,34.9783627,עיר,עיר
שורשים,599,134,1,0,0,0,71,283.8416485,8060,32.8927231,35.2599068,מועצה אזורית משגב,ישוב
חדרה,103041,63,382,10,10,36,63,43160,70899,32.44078,34.9204764,עיר,עיר
רקפת,1038,313,1,0,0,0,69,491.8658297,8060,32.8547224,35.2642924,מועצה אזורית משגב,ישוב
אליכין,3462,122,18,0,0,0,61,1814,2114,32.4078771,34.9219859,עיר,עיר
קורנית,918,443,1,0,0,0,68,435.0027293,8060,32.8436279,35.2513199,מועצה אזורית משגב,ישוב
ג׳סר א-זרקא,15502,12,27,0,0,0,62,4497,1517,32.5384761,34.9060045,עיר,עיר
הבונים,383,100,1,0,0,0,47,192.9143903,13678,32.6371881,34.9327996,מועצה אזורית חוף הכרמל,ישוב
ראמה,7798,385,38,0,0,0,69,null,4426,32.9336993,35.3729797,עיר,עיר
מנוף,851,385,1,0,0,0,67,403.2541621,8060,32.8541336,35.2367706,מועצה אזורית משגב,ישוב
סכנין,33188,223,null,0,0,0,70,16241,6392,32.8601439,35.3080001,עיר,עיר
החותרים,903,86,1,0,0,0,59,454.8347099,13678,32.7514976,34.9567795,מועצה אזורית חוף הכרמל,ישוב
ג'ש,3216,56,13,0,0,0,71,null,8079,33.0234167,35.4307811,עיר,עיר
מורשת,1601,308,1,0,0,0,66,758.6485535,8060,32.8268051,35.2328758,מועצה אזורית משגב,ישוב
בית ג'ן,12433,266,54,0,0,0,72,5729,7413,32.9658943,35.3765296,עיר,עיר
קדימה - צורן,23220,51,78,0,0,0,61,null,16177,32.2823096,34.921349,עיר,עיר
שפר,428,592,1,0,0,0,72,227.5116099,7875,32.9433182,35.4354282,מועצה אזורית מרום הגליל,ישוב
קלנסווה,24205,37,44,1,1,2,60,11111,3116,32.2930928,34.9779606,עיר,עיר
אבן יהודה,14365,604,88,1,1,1,62,7671,10436,32.267806,34.8812768,עיר,עיר
לוחמי הגטאות,866,17,1,0,0,0,64,409.6692015,7403,32.9628515,35.097375,מועצה אזורית מטה אשר,ישוב
תל מונד,14477,46,19,0,0,0,62,null,10106,32.2410455,34.9058504,עיר,עיר
נס עמים,457,26,1,0,0,0,65,216.188014,7403,32.9656707,35.1211467,מועצה אזורית מטה אשר,ישוב
זמר,7457,291,31,0,0,0,60,3825,4556,32.3621263,35.0329572,עיר,עיר
באקה אל-גרבייה,31397,108,94,0,0,0,58,null,5003,32.4188926,35.0358983,עיר,עיר
ראס עלי,663,63,1,0,0,0,61,267.6959538,6459,32.7721199,35.1542287,מועצה אזורית זבולון,ישוב
חריש,33380,239,139,0,0,0,61,11203,12197,32.4667626,35.0615885,עיר,עיר
אבו סנאן,14687,388,60,0,0,0,66,6528,2713,32.9661483,35.1546362,עיר,עיר
נחשולים,704,5,1,0,0,0,47,354.5998165,13678,32.6138484,34.92063,מועצה אזורית חוף הכרמל,ישוב
אלעד,49487,185,123,0,0,0,55,8129,3730,32.0512475,34.954834,עיר,עיר
צרופה,1154,21,1,0,0,0,49,581.2616426,13678,32.6482373,34.9480485,מועצה אזורית חוף הכרמל,ישוב
בסמת טבעון,8145,260,36,0,0,0,58,3453,8715,32.7413152,35.146211,עיר,עיר
עין איילה,1147,18,1,0,0,0,48,577.7357932,13678,32.6287327,34.9454021,מועצה אזורית חוף הכרמל,ישוב
גני תקווה,23646,109,53,0,0,0,58,10889,2375,32.0632232,34.8754583,עיר,עיר
עופר,657,147,1,0,0,0,51,330.9262488,13678,32.6220894,34.9828033,מועצה אזורית חוף הכרמל,ישוב
ראש העין,73678,83,258,0,0,0,56,38214,18041,32.0924245,34.9638132,עיר,עיר
"כרם מהר""ל",749,93,1,0,0,0,50,377.2660063,13678,32.6461207,34.9899618,מועצה אזורית חוף הכרמל,ישוב
יאנוח - ג'ת,6930,468,44,0,0,0,70,3239,18699,32.978343,35.2445634,עיר,עיר
קריית טבעון,19180,114,157,0,0,0,58,null,27533,32.7124518,35.1235114,עיר,עיר
טירת הכרמל,28753,44,115,0,0,0,60,11949,7666,32.76453,34.9651143,עיר,עיר
דלית אל-כרמל,18190,807,114,0,0,0,57,9326,15446,32.695598,35.0518342,עיר,עיר
עוספייא,12896,472,null,0,0,0,56,null,17607,32.7196286,35.062355,עיר,עיר
פסוטה,3255,566,20,0,0,0,71,null,14133,33.0531058,35.3068637,עיר,עיר
מעלות תרשיחא,22521,517,187,0,0,0,70,9482,15879,33.0142923,35.2456572,עיר,עיר
חורפיש,6639,78,47,0,0,0,71,2946,5833,33.0219039,35.345801,עיר,עיר
ג'לג'וליה,10609,743,28,0,0,0,60,5205,1684,32.1494406,34.9481885,עיר,עיר
כפר ברא,3946,108,20,1,1,1,58,2067,2637,32.1293999,34.9725309,עיר,עיר
כפר קאסם,25285,84,44,0,0,0,57,13437,3405,32.1176142,34.9687157,עיר,עיר
שהם,22731,96,90,0,0,0,53,null,10118,32.0025298,34.9498422,עיר,עיר
מגדל תפן,null,649,9,2,2,6,71,null,6530,32.9751137,35.2755435,עיר,עיר
כפר ורדים,5562,533,64,0,0,0,70,3019,8659,32.9989808,35.2607254,עיר,עיר
שלומי,7446,73,76,2,2,6,67,null,7106,33.0666284,35.1464075,עיר,עיר
מעיליא,3281,503,24,1,1,2,70,null,1249,33.0289984,35.2575551,עיר,עיר
מזרעה,4115,15,17,0,0,0,65,null,1587,32.9845945,35.10328,עיר,עיר
סביון,4054,56,22,0,0,0,55,null,7942,32.0451902,34.8786739,עיר,עיר
רמת ישי,8120,93,26,0,0,0,59,null,3348,32.7062105,35.1688535,עיר,עיר
כעביה טבאש חג'אג'רה,5878,163,45,0,0,0,60,null,3063,32.7501721,35.1845906,עיר,עיר
פקיעין -בוקייעה,6104,616,60,0,0,0,72,null,8882,32.9776504,35.3236866,עיר,עיר
רכסים,14198,95,75,0,0,0,58,null,7311,32.7498616,35.1107389,עיר,עיר
ג'ת,6930,11,null,0,0,0,62,5981,3002,32.4013056,35.030802,עיר,עיר
אלפי מנשה,7975,637,38,0,0,0,58,4156,5564,32.1631428,35.0056984,עיר,עיר
כפר מיסר,2115,57,1,0,0,0,71,1053.854414,3064,32.6452471,35.4228553,מועצה אזורית בוסתן-אל-מרג',ישוב
צור הדסה,12142,718,34,0,0,0,58,null,11992,31.7182052,35.0995369,עיר,עיר
אומן,659,33,2,0,0,0,64,71.80663056,4128,32.5641159,35.2422454,מועצה אזורית גלבוע,ישוב
אדרת,895,12,2,0,0,0,61,479.2816136,13314,31.6597433,34.9956875,מועצה אזורית מטה יהודה,ישוב
אומץ,860,141,2,0,0,0,59,476.6629499,3915,32.3715218,34.9961912,מועצה אזורית עמק חפר,ישוב
ניצנה,263,221,null,0,0,0,60,101.0952755,645,30.8863231,34.421866,מועצה אזורית רמת נגב,ישוב
פדויים,522,115,2,0,0,0,61,220.8787026,2527,31.3277011,34.612047,מועצה אזורית מרחבים,ישוב
בטחה,790,55,2,0,0,0,61,334.2800273,2527,31.3342804,34.6344922,מועצה אזורית מרחבים,ישוב
שדה צבי,700,202,2,0,0,0,61,296.1974927,2527,31.4485403,34.713287,מועצה אזורית מרחבים,ישוב
אודים,1404,1049,2,0,0,0,62,759.1561336,3021,32.2647709,34.8469332,מועצה אזורית חוף השרון,ישוב
ניר משה,602,139,2,0,0,0,63,254.7298425,2527,31.4772702,34.6299737,מועצה אזורית מרחבים,ישוב
חצרים,864,29,2,0,0,0,59,324.3622595,5957,31.24041,34.7150744,מועצה אזורית בני שמעון,ישוב
שיזף,130,null,null,0,0,0,60,49.97104839,645,31.0016511,34.7654842,מועצה אזורית רמת נגב,ישוב
שומריה,843,378,2,0,0,0,59,316.4784541,5957,31.4317698,34.8857795,מועצה אזורית בני שמעון,ישוב
רביבים,1106,283,3,0,0,0,61,425.1383091,645,31.0431631,34.7207022,מועצה אזורית רמת נגב,ישוב
גבעות בר,1328,283,2,0,0,0,61,498.5568078,5957,31.3556259,34.7592233,מועצה אזורית בני שמעון,ישוב
עבדה,null,null,null,0,0,0,57,null,645,30.7521979,34.7764715,מועצה אזורית רמת נגב,ישוב
עבדה,null,null,null,0,0,0,57,null,645,30.809602,34.7560859,מועצה אזורית רמת נגב,ישוב
עבדה,null,null,null,0,0,0,57,null,645,30.7521979,34.7764715,מועצה אזורית רמת נגב,ישוב
עבדה,null,null,null,0,0,0,57,null,645,30.809602,34.7560859,מועצה אזורית רמת נגב,ישוב
עין גדי,604,-302,2,0,0,0,54,269.9222799,1362,31.4523959,35.3848241,מועצה אזורית תמר,ישוב
אל-בקאר,null,null,null,0,0,0,59,null,645,30.848957,34.7362894,מועצה אזורית רמת נגב,ישוב
לוטן,200,123,2,0,0,0,50,72.51539173,875,29.9867806,35.0886439,מועצה אזורית חבל אילות,ישוב
אייל,566,126,2,0,0,0,60,302.6888171,3346,32.2113762,34.9789972,מועצה אזורית דרום השרון,ישוב
ואדי אריכא,null,null,null,0,0,0,57,null,645,30.6868943,34.7827793,מועצה אזורית רמת נגב,ישוב
כחל,475,102,2,0,0,0,71,299.7023794,8412,32.8913179,35.5107113,מועצה אזורית מבואות החרמון,ישוב
דן,799,142,2,0,0,0,70,361.8438559,10120,33.2400913,35.6530878,מועצה אזורית גליל עליון,ישוב
ואדי אל-משאש,null,null,null,0,0,0,60,null,645,31.0810276,34.8477767,מועצה אזורית רמת נגב,ישוב
חולתה,754,478,2,0,0,0,71,341.4646615,10120,33.0511117,35.6091616,מועצה אזורית גליל עליון,ישוב
צבעון,380,758,2,0,0,0,71,172.0909419,10120,33.0259411,35.4165978,מועצה אזורית גליל עליון,ישוב
אלי עד,496,360,2,0,0,0,68,252.2534444,16349,32.8060623,35.7337191,מועצה אזורית גולן,ישוב
גשור,321,-197,2,0,0,0,69,163.2527332,16349,32.8191803,35.716008,מועצה אזורית גולן,ישוב
מבועים,1238,169,5,0,0,0,62,523.8464268,2527,31.4492727,34.6547505,מועצה אזורית מרחבים,ישוב
רמות,572,-13,2,0,0,0,70,290.9051745,16349,32.8498005,35.6667474,מועצה אזורית גולן,ישוב
פטיש,1014,96,4,0,0,0,61,429.063227,2527,31.3273849,34.5602722,מועצה אזורית מרחבים,ישוב
קדמת צבי,578,474,2,0,0,0,71,293.9566313,16349,33.0297367,35.6970294,מועצה אזורית גולן,ישוב
גבעת יואב,723,694,2,0,0,0,69,367.7000772,16349,32.8002848,35.6838088,מועצה אזורית גולן,ישוב
קלחים,677,170,3,0,0,0,62,286.4652908,2527,31.4505907,34.6780963,מועצה אזורית מרחבים,ישוב
עוצם,774,88,2,0,0,0,60,333.766207,8768,31.6366498,34.7025584,מועצה אזורית לכיש,ישוב
טל אור,null,null,null,0,0,0,61,null,2527,31.3520796,34.4971043,מועצה אזורית מרחבים,ישוב
גבעת ישעיהו,798,69,2,0,0,0,62,427.3371208,13314,31.6702146,34.9462929,מועצה אזורית מטה יהודה,ישוב
ניר עקיבא,714,154,4,0,0,0,63,302.1214452,2527,31.4695439,34.64547,מועצה אזורית מרחבים,ישוב
גפן,427,118,2,0,0,0,61,228.6628319,13314,31.7404809,34.8792303,מועצה אזורית מטה יהודה,ישוב
"פעמי תש""ז",589,179,null,0,0,0,62,249.2290352,2527,31.4381567,34.6930068,מועצה אזורית מרחבים,ישוב
אשתאול,1191,68,2,0,0,0,54,637.7926144,13314,31.7801952,35.0097885,מועצה אזורית מטה יהודה,ישוב
תלמי ביל״ו,548,171,null,0,0,0,62,231.8803229,2527,31.4377026,34.6454808,מועצה אזורית מרחבים,ישוב
טל שחר,1350,118,2,0,0,0,60,722.9387305,13314,31.80506,34.9022119,מועצה אזורית מטה יהודה,ישוב
רנן,null,104,3,0,0,0,61,null,2527,31.3377917,34.6004634,מועצה אזורית מרחבים,ישוב
צפרירים,428,330,2,0,0,0,62,229.1983632,13314,31.6600453,34.9443771,מועצה אזורית מטה יהודה,ישוב
תפרח,2236,160,23,0,0,0,61,946.1394223,2527,31.3265145,34.677459,מועצה אזורית מרחבים,ישוב
לוזית,871,190,2,0,0,0,60,466.4293464,13314,31.6877948,34.8877384,מועצה אזורית מטה יהודה,ישוב
נחושה,1460,413,2,0,0,0,60,781.8448614,13314,31.6287914,34.9522836,מועצה אזורית מטה יהודה,ישוב
אשבול,662,270,5,0,0,0,62,280.1182046,2527,31.4475021,34.6664352,מועצה אזורית מרחבים,ישוב
נוה שלום,367,274,2,0,0,0,60,196.5322443,13314,31.8175068,34.9781914,מועצה אזורית מטה יהודה,ישוב
שבי דרום,467,143,null,0,0,0,63,197.6060436,2527,31.4655951,34.6358264,מועצה אזורית מרחבים,ישוב
הראל,266,207,2,0,0,0,60,142.4457069,13314,31.8093796,34.9490776,מועצה אזורית מטה יהודה,ישוב
עדי נגב - נחלת ערן,null,null,null,0,0,0,61,null,2527,31.3155253,34.5945971,מועצה אזורית מרחבים,ישוב
משואות יצחק,705,60,2,0,0,0,60,266.9391891,2057,31.7023455,34.6898673,מועצה אזורית שפיר,ישוב
דביר,1071,169,null,0,0,0,60,402.0740525,5957,31.4134736,34.8232634,מועצה אזורית בני שמעון,ישוב
כנות,364,69,2,0,0,0,62,207.4837712,2003,31.8026404,34.752375,מועצה אזורית באר טוביה,ישוב
נבטים,1068,324,13,0,0,0,61,400.9477952,5957,31.2225371,34.8807983,מועצה אזורית בני שמעון,ישוב
גבעתי,1072,42,2,0,0,0,59,611.0511019,2003,31.7340046,34.6793054,מועצה אזורית באר טוביה,ישוב
ברוש,594,43,4,0,0,0,62,222.9990545,5957,31.3706542,34.6350858,מועצה אזורית בני שמעון,ישוב
עזר,771,32,2,0,0,0,58,439.477984,2003,31.7365072,34.6714475,מועצה אזורית באר טוביה,ישוב
כפר מרדכי,639,41,2,0,0,0,65,369.216389,1423,31.8310864,34.7561791,מועצה אזורית גדרות,ישוב
עשרת,965,56,2,0,0,0,65,557.5803045,1423,31.8247948,34.7455804,מועצה אזורית גדרות,ישוב
מדרך עוז,822,127,2,0,0,0,64,356.6853342,18851,32.5954691,35.1603051,מועצה אזורית מגידו,ישוב
דליה,870,420,2,0,0,0,64,377.5136721,18851,32.589315,35.0758253,מועצה אזורית מגידו,ישוב
תדהר,715,115,3,0,0,0,62,268.4247889,5957,31.379004,34.6284545,מועצה אזורית בני שמעון,ישוב
דגניה א',525,-199,2,0,0,0,66,330.4234586,2002,32.7084791,35.5748582,מועצה אזורית עמק הירדן,ישוב
גינוסר,625,57,2,0,0,0,71,393.361259,2002,32.8476404,35.5236258,מועצה אזורית עמק הירדן,ישוב
דבורה,225,159,2,0,0,0,63,24.51668646,4128,32.553108,35.2635109,מועצה אזורית גלבוע,ישוב
חפציבה,758,62,2,0,0,0,60,82.59396886,4128,32.5181674,35.4258324,מועצה אזורית גלבוע,ישוב
ברק,396,65,2,0,0,0,63,43.14935322,4128,32.5424671,35.2653811,מועצה אזורית גלבוע,ישוב
אעצם,null,null,null,0,0,0,60,null,5957,31.2945366,34.901081,מועצה אזורית בני שמעון,ישוב
חבר,874,35,2,0,0,0,63,95.23368374,4128,32.5487129,35.2643296,מועצה אזורית גלבוע,ישוב
מלאה,363,66,2,0,0,0,64,39.55357898,4128,32.5634638,35.2359604,מועצה אזורית גלבוע,ישוב
אל-עראקיב,null,null,null,0,0,0,61,null,5957,31.3461717,34.7796999,מועצה אזורית בני שמעון,ישוב
אל-עראקיב,null,null,null,0,0,0,61,null,5957,31.3223695,34.7491721,מועצה אזורית בני שמעון,ישוב
אל-עראקיב,null,null,null,0,0,0,61,null,5957,31.3461717,34.7796999,מועצה אזורית בני שמעון,ישוב
אל-עראקיב,null,null,null,0,0,0,61,null,5957,31.3223695,34.7491721,מועצה אזורית בני שמעון,ישוב
מגן שאול,761,83,2,0,0,0,61,82.92085885,4128,32.5206793,35.3067307,מועצה אזורית גלבוע,ישוב
אל עביד,null,null,null,0,0,0,60,null,5957,31.3668804,34.8618054,מועצה אזורית בני שמעון,ישוב
היוגב,833,33,2,0,0,0,65,428.2397921,7744,32.6114253,35.2056603,מועצה אזורית עמק יזרעאל,ישוב
בית שערים,815,25,2,0,0,0,60,418.9861116,7744,32.6961671,35.1794979,מועצה אזורית עמק יזרעאל,ישוב
ביר אל חמאם,null,null,null,0,0,0,60,null,5957,31.2314737,34.9003974,מועצה אזורית בני שמעון,ישוב
גבת,965,116,2,0,0,0,64,496.1001225,7744,32.6747246,35.2107773,מועצה אזורית עמק יזרעאל,ישוב
ח'אשם זאנה,null,null,null,0,0,0,60,null,5957,31.2026412,34.8830699,מועצה אזורית בני שמעון,ישוב
כפר גדעון,363,90,2,0,0,0,73,186.6159035,7744,32.6429826,35.2915832,מועצה אזורית עמק יזרעאל,ישוב
כרכור,null,null,null,0,0,0,61,null,5957,31.3464736,34.7673197,מועצה אזורית בני שמעון,ישוב
חנתון,1008,76,2,0,0,0,66,518.2061279,7744,32.7826077,35.2458555,מועצה אזורית עמק יזרעאל,ישוב
ביתן אהרן,167,86,2,0,0,0,61,92.56130001,3915,32.3660377,34.8693,מועצה אזורית עמק חפר,ישוב
חוות הר שמש,null,null,null,0,0,0,60,null,5957,31.3925761,34.8428239,מועצה אזורית בני שמעון,ישוב
הרדוף,1131,38,2,0,0,0,61,581.4396181,7744,32.7641117,35.1728315,מועצה אזורית עמק יזרעאל,ישוב
קצר א סיר,null,null,null,0,0,0,57,null,450,31.0793738,34.9848798,מועצה אזורית נווה מדבר,ישוב
שמשית,2441,222,2,0,0,0,66,1254.901943,7744,32.7328247,35.2472359,מועצה אזורית עמק יזרעאל,ישוב
ביר הדאג',6332,363,15,0,0,0,61,981.6609244,450,31.0262625,34.7031024,מועצה אזורית נווה מדבר,ישוב
בן עמי,768,26,2,0,0,0,66,363.3094132,7403,33.0042191,35.1241783,מועצה אזורית מטה אשר,ישוב
הוואשלה,null,null,null,0,0,0,57,null,450,31.0933681,34.9773785,מועצה אזורית נווה מדבר,ישוב
בר יוחאי,1092,382,2,0,0,0,71,580.473535,7875,32.9970032,35.4481169,מועצה אזורית מרום הגליל,ישוב
בית פלט,null,null,null,0,0,0,59,null,450,31.1858851,34.9357531,מועצה אזורית נווה מדבר,ישוב
אבו תלול,2492,363,null,0,0,0,60,386.3390756,450,31.1861956,34.9128014,מועצה אזורית נווה מדבר,ישוב
פדיה,830,101,2,0,0,0,58,423.8151454,1980,31.8580777,34.8821097,מועצה אזורית גזר,ישוב
אבו עשיבה,null,null,null,0,0,0,58,null,450,31.1249343,34.9587107,מועצה אזורית נווה מדבר,ישוב
אבו עמאר,null,null,null,0,0,0,58,null,450,31.1373783,34.9532604,מועצה אזורית נווה מדבר,ישוב
בת שלמה,633,38,2,0,0,0,56,318.8376251,13678,32.5994386,35.0029516,מועצה אזורית חוף הכרמל,ישוב
עין חצבה,null,-141,null,0,0,0,54,null,1362,30.7982828,35.2463979,מועצה אזורית תמר,ישוב
כרמי יוסף,1781,222,2,0,0,0,57,909.415381,1980,31.8469647,34.9204701,מועצה אזורית גזר,ישוב
עין בוקק,null,null,null,0,0,0,53,null,1362,31.2013827,35.3638836,מועצה אזורית תמר,ישוב
גבעת אבני,2103,261,2,0,0,0,68,1026.238737,4622,32.774457,35.4383706,מועצה אזורית גליל תחתון,ישוב
גנות,591,49,2,0,0,0,55,null,3667,32.0189905,34.8267021,מועצה אזורית שדות דן,ישוב
גני עם,231,74,2,0,0,0,61,123.5355376,3346,32.151417,34.9017297,מועצה אזורית דרום השרון,ישוב
הר עמשא,237,200,3,0,0,0,54,105.9132122,1362,31.3426169,35.1021887,מועצה אזורית תמר,ישוב
נווה ירק,1284,25,2,0,0,0,60,686.6651172,3346,32.1333242,34.9242354,מועצה אזורית דרום השרון,ישוב
צור נתן,290,185,2,0,0,0,59,155.0879155,3346,32.2407088,35.0138835,מועצה אזורית דרום השרון,ישוב
קבועה,null,0,null,0,0,0,53,null,1362,31.2251888,35.2171235,מועצה אזורית תמר,ישוב
גן חיים,818,null,2,0,0,0,61,437.4548664,3346,32.1950979,34.9054806,מועצה אזורית דרום השרון,ישוב
ישוב בדואי,null,null,null,0,0,0,53,null,1362,31.2756726,35.2835653,מועצה אזורית תמר,ישוב
יד חנה,1009,53,2,0,0,0,59,559.2475747,3915,32.3255163,35.0060999,מועצה אזורית עמק חפר,ישוב
באר מנוחה,null,null,null,0,0,0,51,null,1362,30.3075298,35.1352113,מועצה אזורית הערבה התיכונה,ישוב
גליל ים,562,185,2,0,0,0,63,303.8787352,3021,32.1568799,34.8299871,מועצה אזורית חוף השרון,ישוב
העוגן,965,734,2,0,0,0,60,534.8601737,3915,32.3619422,34.9231606,מועצה אזורית עמק חפר,ישוב
שרונה,568,253,2,0,0,0,71,277.1771756,4622,32.7254465,35.4669505,מועצה אזורית גליל תחתון,ישוב
מצפה נטופה,1074,396,2,0,0,0,71,524.0990989,4622,32.8029167,35.3846403,מועצה אזורית גליל תחתון,ישוב
לוטם,793,315,2,0,0,0,71,375.770333,8060,32.8817394,35.3584971,מועצה אזורית משגב,ישוב
כמון,1412,556,2,0,0,0,72,669.0891649,8060,32.9113891,35.3612558,מועצה אזורית משגב,ישוב
צוקים,372,43,null,0,0,0,53,222.1534528,1362,30.4916247,35.1647889,מועצה אזורית הערבה התיכונה,ישוב
יעד,776,258,2,0,0,0,69,367.7147244,8060,32.8782597,35.2435683,מועצה אזורית משגב,ישוב
עיר אובות,null,-135,null,0,0,0,54,null,1362,30.8117804,35.2469853,מועצה אזורית הערבה התיכונה,ישוב
ערב א-נעים,866,302,2,0,0,0,71,410.3620497,8060,32.8878763,35.2895564,מועצה אזורית משגב,ישוב
"נח""ל יעלון",null,null,null,0,0,0,50,null,875,30.0517959,35.0424032,מועצה אזורית חבל אילות,ישוב
חזון,293,30,2,0,0,0,72,155.7497643,7875,32.9067724,35.394977,מועצה אזורית מרום הגליל,ישוב
שיטים,null,298,null,0,0,0,51,null,875,30.1767668,35.0164837,מועצה אזורית חבל אילות,ישוב
כפר חושן,808,739,2,0,0,0,71,429.5078921,7875,33.0108471,35.4386655,מועצה אזורית מרום הגליל,ישוב
לימן,684,15,2,0,0,0,66,323.5724413,7403,33.0595032,35.1130278,מועצה אזורית מטה אשר,ישוב
רמת יוחנן,1068,49,2,0,0,0,63,431.220633,6459,32.7925038,35.1213847,מועצה אזורית זבולון,ישוב
כפר יעבץ,661,51,2,0,0,0,60,346.2646639,2909,32.2738189,34.966859,מועצה אזורית לב השרון,ישוב
נווה ים,235,4,2,0,0,0,50,118.3678381,13678,32.6791606,34.9318092,מועצה אזורית חוף הכרמל,ישוב
כפר גלים,402,18,2,0,0,0,60,202.4845606,13678,32.7665815,34.9593308,מועצה אזורית חוף הכרמל,ישוב
גרופית,265,388,3,0,0,0,50,96.08289313,875,29.941716,35.0642049,מועצה אזורית חבל אילות,ישוב
ניר עציון,1010,209,2,0,0,0,53,508.729864,13678,32.6975838,34.9936059,מועצה אזורית חוף הכרמל,ישוב
עין חוד,325,236,2,0,0,0,53,163.7001997,13678,32.6915351,34.9995301,מועצה אזורית חוף הכרמל,ישוב
עין שמר,689,44,2,0,0,0,69,354.8725401,6667,32.4629224,35.0073711,מועצה אזורית מנשה,ישוב
שחרות,169,531,3,0,0,0,50,61.27550596,875,29.9036921,34.9992198,מועצה אזורית חבל אילות,ישוב
דישון,339,201,6,0,0,0,71,213.892859,8412,33.0813243,35.5175202,מועצה אזורית מבואות החרמון,ישוב
שדה אליעזר,891,162,12,0,0,0,71,562.1785712,8412,33.0458869,35.5641252,מועצה אזורית מבואות החרמון,ישוב
רמות נפתלי,551,436,4,0,0,0,70,347.6547627,8412,33.1022971,35.5531168,מועצה אזורית מבואות החרמון,ישוב
אליפלט,728,229,5,0,0,0,71,459.3333355,8412,32.9480271,35.547389,מועצה אזורית מבואות החרמון,ישוב
בית הלל,807,47,18,0,0,0,70,509.1785722,8412,33.2083012,35.6069281,מועצה אזורית מבואות החרמון,ישוב
שאר ישוב,649,130,11,0,0,0,70,409.488094,8412,33.2272088,35.6463364,מועצה אזורית מבואות החרמון,ישוב
מרגליות,412,691,3,0,0,0,70,259.952379,8412,33.2148047,35.5444859,מועצה אזורית מבואות החרמון,ישוב
כרכום,511,97,4,0,0,0,71,322.4166647,8412,32.9293327,35.6085627,מועצה אזורית מבואות החרמון,ישוב
כורזים,352,174,5,0,0,0,71,222.0952369,8412,32.9109804,35.5526611,מועצה אזורית מבואות החרמון,ישוב
כפר יובל,662,null,null,0,0,0,70,417.6904768,8412,33.2474176,35.5974916,מועצה אזורית מבואות החרמון,ישוב
מלכיה,445,653,3,0,0,0,70,201.5275591,10120,33.0992486,35.5116985,מועצה אזורית גליל עליון,ישוב
אורנים,116,31,null,0,0,0,58,46.83669784,6459,32.7116768,35.1079584,מועצה אזורית זבולון,ישוב
סאסא,396,831,4,0,0,0,71,179.3368801,10120,33.026907,35.39499,מועצה אזורית גליל עליון,ישוב
אושה,628,25,null,0,0,0,63,253.5641941,6459,32.7955189,35.1144019,מועצה אזורית זבולון,ישוב
דפנה,1073,103,6,0,0,0,70,485.9304889,10120,33.2303715,35.6392634,מועצה אזורית גליל עליון,ישוב
אחוזם,554,156,null,0,0,0,58,238.8972576,8768,31.5522246,34.7706958,מועצה אזורית לכיש,ישוב
"נווה אטי""ב",140,975,null,0,0,0,70,71.20056523,16349,33.2619578,35.7407856,מועצה אזורית גולן,ישוב
אירוס,911,613,null,0,0,0,60,522.6762197,2757,31.928452,34.7759097,מועצה אזורית גן רווה,ישוב
רמת טראמפ,87,662,null,0,0,0,70,44.24606753,16349,33.1326279,35.6905836,מועצה אזורית גולן,ישוב
אל עזי,200,365,null,0,0,0,60,36.40826159,7355,31.7189244,34.8142702,מועצה אזורית יואב,ישוב
נוגה,590,108,null,0,0,0,59,254.4212642,8768,31.6252155,34.6953049,מועצה אזורית לכיש,ישוב
אלוני יצחק,304,105,null,0,0,0,66,156.5765588,6667,32.5106111,35.003597,מועצה אזורית מנשה,ישוב
בית נקופה,763,32,null,0,0,0,57,408.5942512,13314,31.8028567,35.1252694,מועצה אזורית מטה יהודה,ישוב
"נתיב הל""ה",701,301,null,0,0,0,64,375.3926279,13314,31.6885598,34.9823355,מועצה אזורית מטה יהודה,ישוב
יד השמונה,307,675,null,0,0,0,61,164.4016299,13314,31.8094724,35.0901961,מועצה אזורית מטה יהודה,ישוב
כפר זוהרים,155,313,null,0,0,0,60,83.0040716,13314,31.6217119,34.9248916,מועצה אזורית מטה יהודה,ישוב
שריגים (לי־און),1014,null,null,0,0,0,61,543.0073112,13314,31.6770338,34.9357965,מועצה אזורית מטה יהודה,ישוב
עוזה,393,140,null,0,0,0,58,148.8043996,2057,31.592477,34.7649543,מועצה אזורית שפיר,ישוב
ארסוף קדם,203,169,null,0,0,0,63,109.7640312,3021,32.2060183,34.820678,מועצה אזורית חוף השרון,ישוב
תלמי יחיאל,1015,52,null,0,0,0,59,578.5605122,2003,31.753729,34.7639978,מועצה אזורית באר טוביה,ישוב
חצב,1525,-156,null,0,0,0,61,869.2658013,2003,31.7792702,34.7693634,מועצה אזורית באר טוביה,ישוב
כפר אחים,861,53,null,0,0,0,59,490.7789228,2003,31.7448291,34.7563983,מועצה אזורית באר טוביה,ישוב
משגב דב,736,58,null,0,0,0,64,425.2633207,1423,31.819884,34.7385694,מועצה אזורית גדרות,ישוב
כפר אביב,833,42,null,0,0,0,67,481.3102525,1423,31.8318165,34.7213367,מועצה אזורית גדרות,ישוב
גן הדרום,605,44,null,0,0,0,60,349.5710701,1423,31.803614,34.6997994,מועצה אזורית גדרות,ישוב
בית רבן - גבעת וושינגטון,1038,null,null,0,0,0,63,361.6037074,3283,31.8168499,34.7281236,מועצה אזורית חבל יבנה,ישוב
משמר העמק,1278,104,null,0,0,0,65,554.5545677,18851,32.6105821,35.1421972,מועצה אזורית מגידו,ישוב
הזורע,930,-61,null,0,0,0,64,403.5490957,18851,32.6437923,35.1206465,מועצה אזורית מגידו,ישוב
האון,179,17,null,0,0,0,68,112.6586619,2002,32.7269806,35.6236405,מועצה אזורית עמק הירדן,ישוב
מעגן,395,-199,null,0,0,0,67,248.6043155,2002,32.706731,35.6010794,מועצה אזורית עמק הירדן,ישוב
בית זייד,74,null,null,0,0,0,58,38.04291775,7744,32.7021471,35.1312908,מועצה אזורית עמק יזרעאל,ישוב
אורטל,376,94,1,1,1,1,70,191.2243832,16349,33.0852392,35.7594308,מועצה אזורית גולן,ישוב
יזרעאל,542,87,null,0,0,0,60,59.05795235,4128,32.5623514,35.32134,מועצה אזורית גלבוע,ישוב
נורית,254,126,null,0,0,0,59,27.67660739,4128,32.542654,35.3560394,מועצה אזורית גלבוע,ישוב
עין חרוד,1250,43,null,0,0,0,60,136.2037704,4128,32.558712,35.3932991,מועצה אזורית גלבוע,ישוב
קלע אלון,null,641,null,0,0,0,70,null,16349,33.1307876,35.6824901,מועצה אזורית גולן,ישוב
קיבוץ מרחביה,1331,71,null,0,0,0,65,684.2582993,7744,32.6051468,35.3076714,מועצה אזורית עמק יזרעאל,ישוב
מזרע,864,99,null,0,0,0,74,444.176684,7744,32.6509756,35.2861087,מועצה אזורית עמק יזרעאל,ישוב
בית קשת,746,397,null,0,0,0,71,364.0390419,4622,32.7184192,35.3954738,מועצה אזורית גליל תחתון,ישוב
בלפוריה,556,30,null,0,0,0,72,285.8359199,7744,32.6302897,35.2970682,מועצה אזורית עמק יזרעאל,ישוב
מנשייה זבדה,1522,104,null,0,0,0,61,782.4501402,7744,32.7061013,35.192161,מועצה אזורית עמק יזרעאל,ישוב
חד נס,889,66,5,0,0,0,71,452.1236032,16349,32.928396,35.6429709,מועצה אזורית גולן,ישוב
גניגר,665,29,null,0,0,0,70,341.8721007,7744,32.6642603,35.2569439,מועצה אזורית עמק יזרעאל,ישוב
חיספין,2175,97,5,0,0,0,69,1106.151679,16349,32.8450731,35.7928356,מועצה אזורית גולן,ישוב
ניר דוד,770,-103,null,0,0,0,59,null,2509,32.5027374,35.4567497,מועצה אזורית עמק המעיינות,ישוב
בני דרור,1196,344,null,0,0,0,62,626.5242732,2909,32.2618622,34.900238,מועצה אזורית לב השרון,ישוב
בני עטרות,934,75,null,0,0,0,51,523.5676073,6080,32.0235637,34.9118719,מועצה אזורית חבל מודיעין,ישוב
בן שמן,881,65,null,0,0,0,59,493.8576595,6080,31.9522788,34.921944,מועצה אזורית חבל מודיעין,ישוב
עיינות,342,24,null,0,0,0,61,196.2187348,2757,31.9159502,34.7677914,מועצה אזורית גן רווה,ישוב
אפיק,387,-199,1,1,1,1,68,196.8187113,16349,32.7797901,35.7016937,מועצה אזורית גולן,ישוב
בצת,449,150,null,0,0,0,67,212.4035453,7403,33.0708449,35.136107,מועצה אזורית מטה אשר,ישוב
בני יהודה,1152,99,8,0,0,0,69,585.878958,16349,32.7984155,35.6902145,מועצה אזורית גולן,ישוב
גאליה,924,131,null,0,0,0,64,530.134829,2757,31.8846855,34.764843,מועצה אזורית גן רווה,ישוב
כפר הנגיד,1226,20,null,0,0,0,66,703.4040045,2757,31.886691,34.7495578,מועצה אזורית גן רווה,ישוב
גן שלמה (קבוצת שילר),592,23,null,0,0,0,59,305.7848013,2599,31.8777084,34.7982712,מועצה אזורית ברנר,ישוב
אודם,192,131,1,1,1,1,70,97.64649611,16349,33.1943741,35.7483145,מועצה אזורית גולן,ישוב
גיבתון,379,197,null,0,0,0,58,195.7642572,2599,31.8888206,34.7994843,מועצה אזורית ברנר,ישוב
כפר בן-נון,748,null,null,0,0,0,57,381.9442497,1980,31.8624687,34.9471855,מועצה אזורית גזר,ישוב
כפר ביל״ו ב׳,1259,63,null,0,0,0,58,642.8713989,1980,31.8714201,34.8279165,מועצה אזורית גזר,ישוב
גאולי תימן,357,55,null,0,0,0,61,197.8705429,3915,32.3920841,34.9012083,מועצה אזורית עמק חפר,ישוב
גינתון,867,430,null,0,0,0,59,486.0097556,6080,31.9623127,34.9139386,מועצה אזורית חבל מודיעין,ישוב
מבוא מודיעים,238,209,null,0,0,0,56,133.414441,6080,31.9344938,34.9871687,מועצה אזורית חבל מודיעין,ישוב
יד נתן,631,76,3,0,0,0,60,272.1013854,8768,31.6528819,34.7055051,מועצה אזורית לכיש,ישוב
"גבעת ח""ן",364,51,null,0,0,0,62,194.6620692,3346,32.1685932,34.876063,מועצה אזורית דרום השרון,ישוב
"כפר מל""ל",306,63,null,0,0,0,61,163.6444898,3346,32.1670594,34.8934755,מועצה אזורית דרום השרון,ישוב
מנוחה,668,102,5,0,0,0,61,288.0566226,8768,31.6565157,34.7766986,מועצה אזורית לכיש,ישוב
עדנים,509,23,null,0,0,0,61,272.2060361,3346,32.1382948,34.9082736,מועצה אזורית דרום השרון,ישוב
גנות הדר,946,89,null,0,0,0,62,495.561841,2909,32.3195061,34.9001402,מועצה אזורית לב השרון,ישוב
געש,946,345,null,0,0,0,62,511.5111874,3021,32.2288879,34.8234798,מועצה אזורית חוף השרון,ישוב
שפיים,1368,37,null,0,0,0,62,739.690591,3021,32.2169192,34.8248191,מועצה אזורית חוף השרון,ישוב
מצפה,125,84,null,0,0,0,71,60.99849633,4622,32.7902724,35.5085407,מועצה אזורית גליל תחתון,ישוב
ניר ח״ן,null,null,null,0,0,0,60,null,8768,31.6084431,34.7145081,מועצה אזורית לכיש,ישוב
כדורי,209,123,null,0,0,0,66,101.9894925,4622,32.703902,35.4066677,מועצה אזורית גליל תחתון,ישוב
אמציה,203,424,5,0,0,0,58,87.53816391,8768,31.5324669,34.9143066,מועצה אזורית לכיש,ישוב
חוסנייה,851,16,null,0,0,0,72,403.2541621,8060,32.8993807,35.3215263,מועצה אזורית משגב,ישוב
חמדת ימים,361,31,null,0,0,0,72,191.8964685,7875,32.9488949,35.4245296,מועצה אזורית מרום הגליל,ישוב
נהורה,2421,97,23,0,0,0,60,1043.989636,8768,31.6226942,34.70469,מועצה אזורית לכיש,ישוב
עמוקה,159,705,null,0,0,0,71,84.51949748,7875,32.9979671,35.5242497,מועצה אזורית מרום הגליל,ישוב
כדיתה,187,768,null,0,0,0,71,99.40343263,7875,33.0066179,35.4667726,מועצה אזורית מרום הגליל,ישוב
סער,934,19,null,0,0,0,65,441.8372215,7403,33.0293646,35.1093238,מועצה אזורית מטה אשר,ישוב
בני דקלים,1685,35,7,0,0,0,58,726.6098905,8768,31.5174853,34.9199141,מועצה אזורית לכיש,ישוב
יסעור,923,22,null,0,0,0,65,436.6335789,7403,32.9010935,35.1663465,מועצה אזורית מטה אשר,ישוב
נטע,821,426,5,0,0,0,58,354.0336605,8768,31.4778481,34.9266422,מועצה אזורית לכיש,ישוב
חרות,1246,60,null,0,0,0,61,652.7167571,2909,32.2402969,34.9150051,מועצה אזורית לב השרון,ישוב
שער העמקים,782,62,null,0,0,0,58,315.7439471,6459,32.7230505,35.1131062,מועצה אזורית זבולון,ישוב
לכיש,819,247,42,0,0,0,59,353.1712185,8768,31.5608984,34.8410694,מועצה אזורית לכיש,ישוב
כפר המכבי,417,28,null,0,0,0,63,168.3698554,6459,32.7910628,35.1149003,מועצה אזורית זבולון,ישוב
כפר הנוער הדתי,371,45,null,0,0,0,58,149.7966827,6459,32.7426708,35.1014038,מועצה אזורית זבולון,ישוב
מעלה החמישה,862,786,4,0,0,0,61,461.6097797,13314,31.8174857,35.1115939,מועצה אזורית מטה יהודה,ישוב
כפר עבודה,204,70,null,0,0,0,61,106.8653395,2909,32.2569466,34.9420929,מועצה אזורית לב השרון,ישוב
שורש,1195,676,3,0,0,0,63,639.9346589,13314,31.7974834,35.0651321,מועצה אזורית מטה יהודה,ישוב
יעף,301,56,null,0,0,0,60,157.678767,2909,32.2683414,34.9659156,מועצה אזורית לב השרון,ישוב
בית מאיר,765,82,3,0,0,0,54,409.6652869,13314,31.7938835,35.0360826,מועצה אזורית מטה יהודה,ישוב
עין הוד,664,123,null,0,0,0,53,334.4520982,13678,32.7005017,34.9825964,מועצה אזורית חוף הכרמל,ישוב
כפר הנוער מאיר שפיה,365,108,null,0,0,0,54,183.847918,13678,32.5914537,34.9709102,מועצה אזורית חוף הכרמל,ישוב
נס הרים,1486,682,10,0,0,0,58,795.7681107,13314,31.7444618,35.0579576,מועצה אזורית מטה יהודה,ישוב
מסילת ציון,1247,303,7,0,0,0,55,667.7811843,13314,31.8018055,35.0115252,מועצה אזורית מטה יהודה,ישוב
אבטליון,466,52,3,0,0,0,70,220.8183815,8060,32.8361797,35.3502704,מועצה אזורית משגב,ישוב
נוה אילן,1024,681,5,0,0,0,62,548.3624092,13314,31.8092425,35.0788877,מועצה אזורית מטה יהודה,ישוב
אביעזר,897,560,4,2,2,8,62,480.3526225,13314,31.6811888,35.0177211,מועצה אזורית מטה יהודה,ישוב
בקוע,875,695,6,0,0,0,58,468.571391,13314,31.8294277,34.9270405,מועצה אזורית מטה יהודה,ישוב
עמינדב,1119,824,9,0,0,0,59,599.2358932,13314,31.7511296,35.1419938,מועצה אזורית מטה יהודה,ישוב
רמת רחל,550,788,4,0,0,0,53,294.5306009,13314,31.7387105,35.2183447,מועצה אזורית מטה יהודה,ישוב
אלומה,1340,30,3,0,0,0,61,507.3737766,2057,31.652036,34.7426718,מועצה אזורית שפיר,ישוב
אלוני אבא,990,956,3,0,0,0,59,508.9524475,7744,32.7310157,35.1713637,מועצה אזורית עמק יזרעאל,ישוב
אליקים,969,18,3,0,0,0,67,420.4721245,18851,32.6327376,35.0670512,מועצה אזורית מגידו,ישוב
עין צורים,879,52,3,0,0,0,62,332.8220505,2057,31.6940539,34.7200879,מועצה אזורית שפיר,ישוב
סגולה,740,99,3,0,0,0,60,134.7105663,7355,31.6697258,34.7791534,מועצה אזורית יואב,ישוב
אורה,1295,50,16,0,0,0,59,693.4856651,13314,31.7527467,35.1534987,מועצה אזורית מטה יהודה,ישוב
אשרת,616,283,3,0,0,0,66,291.4044213,7403,32.9717328,35.1564958,מועצה אזורית מטה אשר,ישוב
ינון,1222,66,3,0,0,0,59,696.5526622,2003,31.7429158,34.7795177,מועצה אזורית באר טוביה,ישוב
בארות יצחק,465,35,3,0,0,0,51,260.6626709,6080,32.0393656,34.9109112,מועצה אזורית חבל מודיעין,ישוב
מחסיה,498,252,4,0,0,0,57,266.6840755,13314,31.7481682,35.0073522,מועצה אזורית מטה יהודה,ישוב
גלעד,491,106,3,0,0,0,62,213.0565671,18851,32.557279,35.0757127,מועצה אזורית מגידו,ישוב
מטע,951,603,11,0,0,0,62,509.2701835,13314,31.7169307,35.0615698,מועצה אזורית מטה יהודה,ישוב
מיטב,456,72,3,0,0,0,61,49.68713731,4128,32.5457376,35.301291,מועצה אזורית גלבוע,ישוב
ישעי,848,195,9,0,0,0,68,454.1126373,13314,31.7516368,34.965419,מועצה אזורית מטה יהודה,ישוב
בית חשמונאי,2172,23,3,0,0,0,58,1109.068056,1980,31.8880132,34.919009,מועצה אזורית גזר,ישוב
נווה מיכאל,883,344,4,0,0,0,59,472.85548,13314,31.6729774,35.0059119,מועצה אזורית מטה יהודה,ישוב
בית חרות,918,19,3,0,0,0,61,508.8099897,3915,32.3758477,34.8741357,מועצה אזורית עמק חפר,ישוב
מבוא ביתר,1058,752,228,0,0,0,58,566.5697743,13314,31.7227202,35.1071186,מועצה אזורית מטה יהודה,ישוב
הסוללים,983,15,3,0,0,0,65,505.353803,7744,32.751099,35.238324,מועצה אזורית עמק יזרעאל,ישוב
מוצא עילית,1635,641,6,0,0,0,57,875.5591289,13314,31.7934936,35.1565626,מועצה אזורית מטה יהודה,ישוב
כפר ברוך,709,55,3,0,0,0,64,364.492204,7744,32.6460182,35.1930067,מועצה אזורית עמק יזרעאל,ישוב
שדה יעקב,1096,64,3,0,0,0,59,563.446355,7744,32.6974241,35.1417499,מועצה אזורית עמק יזרעאל,ישוב
עדי,1892,167,3,0,0,0,62,972.6646882,7744,32.781891,35.1736274,מועצה אזורית עמק יזרעאל,ישוב
אבן ספיר,699,157,25,0,0,0,58,374.3216191,13314,31.7629815,35.1351189,מועצה אזורית מטה יהודה,ישוב
תל תאומים,628,-139,3,0,0,0,58,null,2509,32.4424193,35.4964482,מועצה אזורית עמק המעיינות,ישוב
קריית ענבים,489,678,4,0,0,0,61,261.864482,13314,31.8100172,35.1203388,מועצה אזורית מטה יהודה,ישוב
סתריה,1061,82,3,0,0,0,57,541.7685072,1980,31.8918834,34.844046,מועצה אזורית גזר,ישוב
כפר שמואל,971,107,3,0,0,0,58,495.8126551,1980,31.8891357,34.9328059,מועצה אזורית גזר,ישוב
פתחיה,884,102,3,0,0,0,58,451.388651,1980,31.8675842,34.8862877,מועצה אזורית גזר,ישוב
נוף איילון,2059,197,3,0,0,0,55,1051.367922,1980,31.8705213,34.9896581,מועצה אזורית גזר,ישוב
גני יוחנן,599,34,3,0,0,0,59,305.8617693,1980,31.86029,34.8407361,מועצה אזורית גזר,ישוב
גבעת השלושה,922,62,3,0,0,0,58,493.0726083,3346,32.0980886,34.9211469,מועצה אזורית דרום השרון,ישוב
נוה ימין,1037,37,3,0,0,0,60,554.572987,3346,32.1718831,34.9387948,מועצה אזורית דרום השרון,ישוב
בר גיורא,725,713,5,0,0,0,59,388.2448683,13314,31.7298209,35.0726527,מועצה אזורית מטה יהודה,ישוב
עינת,850,50,3,0,0,0,56,454.568015,3346,32.0827765,34.9394305,מועצה אזורית דרום השרון,ישוב
עגור,549,218,6,0,0,0,61,293.9950964,13314,31.6971051,34.9129214,מועצה אזורית מטה יהודה,ישוב
רמת הכובש,1206,61,3,0,0,0,61,644.9518062,3346,32.2152641,34.9393308,מועצה אזורית דרום השרון,ישוב
צוקי ים,296,30,3,0,0,0,62,164.0607425,3915,32.3613476,34.8586835,מועצה אזורית עמק חפר,ישוב
עין נקובא,3737,621,9,0,0,0,61,2001.201508,13314,31.793619,35.119127,מועצה אזורית מטה יהודה,ישוב
חיבת ציון,875,395,3,0,0,0,61,484.9768422,3915,32.3987871,34.9120169,מועצה אזורית עמק חפר,ישוב
עין החורש,874,21,3,0,0,0,60,484.4225887,3915,32.3863188,34.9400265,מועצה אזורית עמק חפר,ישוב
גבעת יערים,1421,298,7,0,0,0,62,760.9599473,13314,31.7859942,35.092569,מועצה אזורית מטה יהודה,ישוב
הזורעים,1134,15,3,0,0,0,71,553.3783801,4622,32.7457141,35.5031884,מועצה אזורית גליל תחתון,ישוב
כסלון,492,603,14,0,0,0,55,263.4709953,13314,31.7740865,35.0492326,מועצה אזורית מטה יהודה,ישוב
כפר קיש,686,86,3,0,0,0,71,334.7597607,4622,32.6663613,35.4487944,מועצה אזורית גליל תחתון,ישוב
רמת רזיאל,659,716,11,0,0,0,56,352.9012005,13314,31.7736589,35.0737596,מועצה אזורית מטה יהודה,ישוב
רומאנה,1276,166,3,0,0,0,69,584.8029713,664,32.7881972,35.3111645,מועצה אזורית אל בטוף,ישוב
יודפת,964,430,3,0,0,0,68,456.8002457,8060,32.8372367,35.2715538,מועצה אזורית משגב,ישוב
גבעות עדן,null,null,null,0,0,0,60,null,13314,31.6605794,35.0157215,מועצה אזורית מטה יהודה,ישוב
הררית,644,100,3,0,0,0,71,305.1653112,8060,32.8457853,35.369171,מועצה אזורית משגב,ישוב
עצמון שגב,1228,322,3,0,0,0,69,581.8990721,8060,32.8659821,35.2512054,מועצה אזורית משגב,ישוב
בית ספר חקלאי עין כרם,null,null,null,0,0,0,60,null,13314,31.7787551,35.1531904,מועצה אזורית מטה יהודה,ישוב
לבון,845,568,3,0,0,0,72,400.4110125,8060,32.9424551,35.2871026,מועצה אזורית משגב,ישוב
כמאנה מערבית,1623,524,3,0,0,0,69,769.0734579,8060,32.9090851,35.3398417,מועצה אזורית משגב,ישוב
גבעת שמש,null,37,null,0,0,0,65,null,13314,31.774962,34.9515702,מועצה אזורית מטה יהודה,ישוב
ראס אל-עין,412,222,3,0,0,0,72,195.2299809,8060,32.9158041,35.3726649,מועצה אזורית משגב,ישוב
כלנית,260,17,3,0,0,0,71,138.207983,7875,32.8749932,35.4527711,מועצה אזורית מרום הגליל,ישוב
שלווה,579,166,4,0,0,0,58,219.2309072,2057,31.5635204,34.7680435,מועצה אזורית שפיר,ישוב
ראש הנקרה,1422,34,3,0,0,0,66,672.6900715,7403,33.0857479,35.1150819,מועצה אזורית מטה אשר,ישוב
כליל,891,181,3,0,0,0,68,421.4956751,7403,32.9855303,35.2004778,מועצה אזורית מטה אשר,ישוב
שדות ים,1162,9,3,0,0,0,64,585.2911898,13678,32.4921593,34.8933053,מועצה אזורית חוף הכרמל,ישוב
מרכז שפירא,2801,50,7,0,0,0,61,1060.562647,2057,31.6951844,34.7071255,מועצה אזורית שפיר,ישוב
קוממיות,606,70,5,0,0,0,61,229.4541123,2057,31.6619651,34.7297701,מועצה אזורית שפיר,ישוב
רווחה,573,84,9,0,0,0,61,216.9590866,2057,31.6495132,34.7317085,מועצה אזורית שפיר,ישוב
אבן שמואל,2287,203,6,0,0,0,58,865.9431535,2057,31.5748942,34.7643312,מועצה אזורית שפיר,ישוב
זבדיאל,629,117,4,0,0,0,61,238.1627669,2057,31.6584287,34.759748,מועצה אזורית שפיר,ישוב
א-טייבה א-זועביה,46020,686,102,0,0,0,66,5014.478158,4128,32.6032121,35.4447957,מועצה אזורית גלבוע,ישוב
אביטל,515,376,5,0,0,0,61,56.11595808,4128,32.5578557,35.3063551,מועצה אזורית גלבוע,ישוב
קדמה,null,100,2,0,0,0,58,null,7355,31.7007444,34.7751348,מועצה אזורית יואב,ישוב
אדירים,280,449,5,0,0,0,62,30.50963834,4128,32.5490732,35.2711676,מועצה אזורית גלבוע,ישוב
נחלה,725,123,7,0,0,0,60,131.9799483,7355,31.657961,34.7949816,מועצה אזורית יואב,ישוב
נחלה,725,123,7,0,0,0,60,517.3103645,7355,31.657961,34.7949816,מועצה אזורית יואב,ישוב
אביבים,474,64,4,0,0,0,71,251.963788,7875,33.0886777,35.4729375,מועצה אזורית מרום הגליל,ישוב
אביחיל,1391,72,5,0,0,0,62,770.9746122,3915,32.3502322,34.8717347,מועצה אזורית עמק חפר,ישוב
ביצרון,1231,244,15,0,0,0,61,701.6827574,2003,31.7950527,34.7392791,מועצה אזורית באר טוביה,ישוב
אביגדור,815,37,2,2,2,2,64,464.5584362,2003,31.7109457,34.7435754,מועצה אזורית באר טוביה,ישוב
ערוגות,1154,66,8,0,0,0,58,657.7919561,2003,31.7346866,34.7708779,מועצה אזורית באר טוביה,ישוב
אחוזת ברק,2429,47,5,0,0,0,76,1248.73283,7744,32.6418437,35.3387534,מועצה אזורית עמק יזרעאל,ישוב
בית עזרא,1072,58,7,0,0,0,58,611.0511019,2003,31.7366309,34.6563769,מועצה אזורית באר טוביה,ישוב
איבטין,2915,84,18,0,0,0,59,1176.973923,6459,32.7607812,35.1131894,מועצה אזורית זבולון,ישוב
אחיטוב,1105,68,8,0,0,0,59,612.456472,3915,32.3873272,34.9914108,מועצה אזורית עמק חפר,ישוב
אחיסמך,1413,40,8,0,0,0,61,792.0781821,6080,31.935556,34.908056,מועצה אזורית חבל מודיעין,ישוב
באר טוביה,1313,66,37,0,0,0,59,748.4235984,2003,31.7338758,34.7262903,מועצה אזורית באר טוביה,ישוב
אחיעזר,1991,47,4,0,0,0,55,null,3667,31.9811076,34.8716734,מועצה אזורית שדות דן,ישוב
אמונים,1007,548,6,1,1,1,59,574.0004275,2003,31.7453369,34.676988,מועצה אזורית באר טוביה,ישוב
ניר בנים,709,85,5,0,0,0,61,404.1373413,2003,31.6717215,34.7542446,מועצה אזורית באר טוביה,ישוב
שתולים,2174,30,12,0,0,0,60,1239.202521,2003,31.7719562,34.683597,מועצה אזורית באר טוביה,ישוב
אילניה,476,164,6,0,0,0,64,232.2822827,4622,32.754961,35.4074724,מועצה אזורית גליל תחתון,ישוב
בני דרום,979,33,5,0,0,0,69,341.0501265,3283,31.8206628,34.6915762,מועצה אזורית חבל יבנה,ישוב
ניין,1994,222,9,0,0,0,66,993.5629788,3064,32.6307267,35.3488686,מועצה אזורית בוסתן-אל-מרג',ישוב
דחי,723,453,6,0,0,0,60,360.2537778,3064,32.6203995,35.3449947,מועצה אזורית בוסתן-אל-מרג',ישוב
סולם,2710,119,8,0,0,0,60,1350.328825,3064,32.6061864,35.3338887,מועצה אזורית בוסתן-אל-מרג',ישוב
רמת השופט,1186,240,12,0,0,0,66,514.633582,18851,32.6119762,35.0949392,מועצה אזורית מגידו,ישוב
עין העמק,847,241,5,0,0,0,67,367.5334243,18851,32.6290135,35.0853937,מועצה אזורית מגידו,ישוב
יוקנעם המושבה,1382,58,16,0,0,0,64,599.6826393,18851,32.6538407,35.1147661,מועצה אזורית מגידו,ישוב
אלישמע,1168,-22,9,0,0,0,60,624.62994,3346,32.1519602,34.9279083,מועצה אזורית דרום השרון,ישוב
אמירים,865,8,5,0,0,0,71,459.8073333,7875,32.9374962,35.4499969,מועצה אזורית מרום הגליל,ישוב
ארבל,756,41,4,0,0,0,71,368.918916,4622,32.8120793,35.4839284,מועצה אזורית גליל תחתון,ישוב
כנרת מושבה,700,-72,15,0,0,0,67,440.5646114,2002,32.7231985,35.56444,מועצה אזורית עמק הירדן,ישוב
פוריה - נווה עובד,1326,138,6,0,0,0,68,834.555256,2002,32.7436659,35.5376169,מועצה אזורית עמק הירדן,ישוב
פוריה כפר עבודה,null,40,null,0,0,0,66,null,2002,32.7187697,35.5474069,מועצה אזורית עמק הירדן,ישוב
פוריה עילית,1264,137,8,0,0,0,68,795.5338163,2002,32.7322318,35.5457217,מועצה אזורית עמק הירדן,ישוב
כרי דשא,null,null,null,0,0,0,71,null,2002,32.8642361,35.5385109,מועצה אזורית עמק הירדן,ישוב
קבוצת כנרת,null,null,null,0,0,0,69,null,2002,32.7138728,35.5625249,מועצה אזורית עמק הירדן,ישוב
בארותיים,1179,88,10,0,0,0,59,653.4716576,3915,32.3218886,34.9828907,מועצה אזורית עמק חפר,ישוב
טבח'ה,null,null,null,0,0,0,71,null,2002,32.873249,35.5499246,מועצה אזורית עמק הירדן,ישוב
בוסתן הגליל,1328,213,5,0,0,0,64,628.2225102,7403,32.9505232,35.0817793,מועצה אזורית מטה אשר,ישוב
בורגתה,1153,64,9,0,0,0,59,639.0609095,3915,32.3264732,34.9629135,מועצה אזורית עמק חפר,ישוב
בחן,1147,120,8,0,0,0,59,635.7353436,3915,32.3510073,35.019131,מועצה אזורית עמק חפר,ישוב
בית אלעזרי,1550,-83,17,0,0,0,62,800.6189917,2599,31.8460836,34.8030534,מועצה אזורית ברנר,ישוב
ביריה,872,812,7,0,0,0,71,463.5283211,7875,32.9775883,35.5006493,מועצה אזורית מרום הגליל,ישוב
בית הלוי,834,87,11,0,0,0,60,462.2522018,3915,32.3535046,34.9312543,מועצה אזורית עמק חפר,ישוב
בית חלקיה,1480,39,6,0,0,0,62,525.8531257,1325,31.7926752,34.8108048,מועצה אזורית נחל שורק,ישוב
סנדלה,null,null,null,0,0,0,60,null,4128,32.5231227,35.3237725,מועצה אזורית גלבוע,ישוב
בית חנן,509,10,10,0,0,0,59,292.0331459,2757,31.9337581,34.7740084,מועצה אזורית גן רווה,ישוב
מוקיבלה,4281,87,6,0,0,0,61,466.4706825,4128,32.5140208,35.2976327,מועצה אזורית גלבוע,ישוב
בית יהושע,1117,-230,11,0,0,0,62,603.9725077,3021,32.2592916,34.8660021,מועצה אזורית חוף השרון,ישוב
בית יוסף,493,16,9,0,0,0,61,null,2509,32.5588132,35.5523146,מועצה אזורית עמק המעיינות,ישוב
בית ינאי,378,160,5,0,0,0,61,209.510001,3915,32.3775275,34.8629629,מועצה אזורית עמק חפר,ישוב
נעורה,1156,119,6,0,0,0,62,125.9612487,4128,32.6140155,35.3903478,מועצה אזורית גלבוע,ישוב
בית לחם הגלילית,824,575,6,0,0,0,60,423.6129518,7744,32.7345558,35.1890555,מועצה אזורית עמק יזרעאל,ישוב
בית נחמיה,897,240,7,0,0,0,56,502.8267087,6080,31.975811,34.9550835,מועצה אזורית חבל מודיעין,ישוב
בית אלפא,1386,900,2,1,0,0,60,151.0227518,4128,32.5160003,35.4312857,מועצה אזורית גלבוע,ישוב
גן נר,2676,37,4,0,0,0,60,291.5850398,4128,32.5308688,35.3391118,מועצה אזורית גלבוע,ישוב
בית יצחק - שער חפר,2138,27,14,0,0,0,62,1185.006265,3915,32.3345648,34.8905446,מועצה אזורית עמק חפר,ישוב
ציפורי,1030,250,6,0,0,0,68,529.5161796,7744,32.7443077,35.2781186,מועצה אזורית עמק יזרעאל,ישוב
בית עוזיאל,659,44,6,0,0,0,58,336.4990135,1980,31.8693965,34.9051703,מועצה אזורית גזר,ישוב
גזית,807,121,4,0,0,0,70,414.8733692,7744,32.6382136,35.446739,מועצה אזורית עמק יזרעאל,ישוב
בית עריף,1203,238,6,0,0,0,54,674.3595614,6080,31.9916349,34.933807,מועצה אזורית חבל מודיעין,ישוב
סוואעד חמירה,196,170,4,0,0,0,61,100.76231,7744,32.7673988,35.1682,מועצה אזורית עמק יזרעאל,ישוב
מנחמיה,1065,-154,17,0,0,0,67,null,2509,32.6670217,35.5555869,מועצה אזורית עמק המעיינות,ישוב
ירדנה,384,-236,8,0,0,0,61,null,2509,32.5644389,35.5645775,מועצה אזורית עמק המעיינות,ישוב
רחוב,400,-122,4,0,0,0,58,null,2509,32.4497108,35.4900246,מועצה אזורית עמק המעיינות,ישוב
בני ראם,1379,32,4,0,0,0,61,489.9672033,1325,31.7697849,34.79065,מועצה אזורית נחל שורק,ישוב
בניה,745,36,8,0,0,0,66,384.8136425,2599,31.8434985,34.753611,מועצה אזורית ברנר,ישוב
יד בנימין,4278,62,6,0,0,0,62,1519.999782,1325,31.7978401,34.8216119,מועצה אזורית נחל שורק,ישוב
נצר חזני,543,95,4,0,0,0,60,192.9312474,1325,31.8216134,34.8624802,מועצה אזורית נחל שורק,ישוב
נטעים,626,51,4,0,0,0,59,359.1606079,2757,31.9444441,34.7744439,מועצה אזורית גן רווה,ישוב
קדרון,1626,52,6,0,0,0,63,839.8751487,2599,31.8150988,34.7976591,מועצה אזורית ברנר,ישוב
גבעת ברנר,2701,29,12,0,0,0,60,1395.143159,2599,31.8675206,34.8004909,מועצה אזורית ברנר,ישוב
משמר איילון,580,null,4,0,0,0,57,296.1599801,1980,31.8719461,34.9447916,מועצה אזורית גזר,ישוב
ברקת,2260,58,11,0,0,0,52,1266.876648,6080,32.0188526,34.943779,מועצה אזורית חבל מודיעין,ישוב
מושב מרחביה,null,76,4,0,0,0,62,null,7744,32.6024516,35.3159604,מועצה אזורית עמק יזרעאל,ישוב
עזריה,1269,95,5,0,0,0,58,647.9776016,1980,31.8904994,34.9115676,מועצה אזורית גזר,ישוב
שעלבים,1813,189,7,0,0,0,55,925.7552351,1980,31.8699629,34.9839023,מועצה אזורית גזר,ישוב
בת חן,407,56,5,0,0,0,61,225.5835097,3915,32.3602692,34.8723281,מועצה אזורית עמק חפר,ישוב
מצליח,1346,82,10,0,0,0,58,687.2953888,1980,31.9061802,34.8717789,מועצה אזורית גזר,ישוב
יציץ,848,72,8,0,0,0,58,433.0063045,1980,31.8623432,34.8629537,מועצה אזורית גזר,ישוב
בת חפר,5209,22,10,0,0,0,59,2887.136413,3915,32.3345015,35.012351,מועצה אזורית עמק חפר,ישוב
ישרש,966,81,4,0,0,0,57,493.2595467,1980,31.915785,34.8499267,מועצה אזורית גזר,ישוב
"יד רמב""ם",1116,82,4,0,0,0,47,569.852643,1980,31.8993715,34.9007465,מועצה אזורית גזר,ישוב
נצר סרני,974,64,4,0,0,0,57,497.3445173,1980,31.9230975,34.8239981,מועצה אזורית גזר,ישוב
גזר (קיבוץ),318,54,50,0,0,0,57,162.3773659,1980,31.8770069,34.9208529,מועצה אזורית גזר,ישוב
נחלים,1825,49,15,0,0,0,54,1023.030918,6080,32.0589718,34.9136499,מועצה אזורית חבל מודיעין,ישוב
כפר טרומן,905,56,4,0,0,0,55,507.3112269,6080,31.980556,34.921667,מועצה אזורית חבל מודיעין,ישוב
גאולים,993,22,13,0,0,0,61,520.1827722,2909,32.2962452,34.9474014,מועצה אזורית לב השרון,ישוב
רינתיה,1197,62,4,0,0,0,52,670.9961632,6080,32.043333,34.931667,מועצה אזורית חבל מודיעין,ישוב
גמזו,1194,39,4,0,0,0,59,669.3144704,6080,31.9276731,34.9418915,מועצה אזורית חבל מודיעין,ישוב
מזור,1330,54,9,0,0,0,53,745.5512939,6080,32.0523036,34.923418,מועצה אזורית חבל מודיעין,ישוב
חדיד,931,19,8,0,0,0,57,521.8859145,6080,31.9682459,34.9337333,מועצה אזורית חבל מודיעין,ישוב
נווה עמיאל,null,null,null,0,0,0,58,null,7744,32.7022049,35.1373831,מועצה אזורית עמק יזרעאל,ישוב
טירת יהודה,1228,57,4,0,0,0,52,688.3736763,6080,32.0140654,34.9333804,מועצה אזורית חבל מודיעין,ישוב
כפר תקווה,null,null,null,0,0,0,58,null,7744,32.7013642,35.1145291,מועצה אזורית עמק יזרעאל,ישוב
לפיד,2325,267,10,0,0,0,54,1303.313355,6080,31.9175529,35.0319405,מועצה אזורית חבל מודיעין,ישוב
שילת,770,265,9,0,0,0,54,431.6349636,6080,31.9205606,35.0173195,מועצה אזורית חבל מודיעין,ישוב
זיתן,1015,78,10,0,0,0,56,null,3667,31.9753923,34.891423,מועצה אזורית שדות דן,ישוב
יגל,905,40,6,0,0,0,55,null,3667,31.9870408,34.8806084,מועצה אזורית שדות דן,ישוב
"כפר חב""ד",6720,40,18,0,0,0,55,null,3667,31.9885794,34.8473705,מועצה אזורית שדות דן,ישוב
ניר צבי,1270,58,11,0,0,0,58,null,3667,31.951381,34.8609717,מועצה אזורית שדות דן,ישוב
"חמ""ד",1360,-169,16,0,0,0,54,null,3667,32.0190455,34.8412271,מועצה אזורית שדות דן,ישוב
צפריה,1013,31,12,0,0,0,54,null,3667,32.0052557,34.8550969,מועצה אזורית שדות דן,ישוב
כפר סירקין,1519,41,10,0,0,0,56,812.3397938,3346,32.0777377,34.9235073,מועצה אזורית דרום השרון,ישוב
נחשונים,435,88,5,0,0,0,55,232.6318641,3346,32.0614545,34.9492529,מועצה אזורית דרום השרון,ישוב
צופית,1318,66,4,0,0,0,61,704.8478261,3346,32.1918302,34.923101,מועצה אזורית דרום השרון,ישוב
ירחיב,1087,57,6,0,0,0,59,581.3122885,3346,32.1531458,34.9683081,מועצה אזורית דרום השרון,ישוב
כפר מעש,826,52,7,0,0,0,58,441.7331627,3346,32.0651874,34.8874639,מועצה אזורית דרום השרון,ישוב
חגור,1146,19,10,0,0,0,59,612.8646481,3346,32.1375681,34.9481658,מועצה אזורית דרום השרון,ישוב
מגשימים,1091,52,8,0,0,0,53,583.4514275,3346,32.0470353,34.8993144,מועצה אזורית דרום השרון,ישוב
גת רימון,298,69,8,0,0,0,58,159.3661935,3346,32.0674422,34.8805118,מועצה אזורית דרום השרון,ישוב
שדי חמד,965,35,6,0,0,0,60,516.068412,3346,32.1598443,34.9435452,מועצה אזורית דרום השרון,ישוב
שדה ורבורג,1411,49,10,0,0,0,61,754.5829129,3346,32.2093873,34.9048077,מועצה אזורית דרום השרון,ישוב
מתן,3570,66,12,0,0,0,59,1909.185696,3346,32.1561435,34.9742805,מועצה אזורית דרום השרון,ישוב
נירית,962,108,4,0,0,0,58,514.4640532,3346,32.1466075,34.9843952,מועצה אזורית דרום השרון,ישוב
צור יצחק,7080,119,8,0,0,0,60,3786.284252,3346,32.24124,34.9983819,מועצה אזורית דרום השרון,ישוב
כפר ויתקין,2002,14,7,0,0,0,61,1109.627004,3915,32.3809359,34.8751918,מועצה אזורית עמק חפר,ישוב
כפר חיים,629,23,5,0,0,0,61,348.6290666,3915,32.3539817,34.9001418,מועצה אזורית עמק חפר,ישוב
גילון,1099,136,6,0,0,0,70,520.7712472,8060,32.9029028,35.2354622,מועצה אזורית משגב,ישוב
כפר מונש,913,16,5,0,0,0,60,506.0386997,3915,32.3475348,34.9162242,מועצה אזורית עמק חפר,ישוב
רשפים,1256,-114,1,1,0,0,58,null,2509,32.4818532,35.4775438,מועצה אזורית עמק המעיינות,ישוב
חניאל,916,340,11,0,0,0,60,507.7014603,3915,32.3321351,34.9485815,מועצה אזורית עמק חפר,ישוב
גן יאשיה,1040,39,4,0,0,0,59,576.4296128,3915,32.3506691,34.9954017,מועצה אזורית עמק חפר,ישוב
טירת צבי,1021,-219,1,1,0,0,58,null,2509,32.4218582,35.5279708,מועצה אזורית עמק המעיינות,ישוב
חופית,815,4,5,0,0,0,61,451.7212954,3915,32.3856586,34.8755505,מועצה אזורית עמק חפר,ישוב
גן השומרון,861,32,4,0,0,0,68,443.4619113,6667,32.4639095,34.9984491,מועצה אזורית מנשה,ישוב
הדר עם,686,37,4,0,0,0,61,380.2218529,3915,32.3490842,34.9005646,מועצה אזורית עמק חפר,ישוב
עולש,1192,36,8,0,0,0,59,660.6770205,3915,32.3317108,34.9862175,מועצה אזורית עמק חפר,ישוב
חרב לאת,940,45,7,0,0,0,61,521.0037014,3915,32.4012716,34.9170982,מועצה אזורית עמק חפר,ישוב
מכמורת,1506,12,7,0,0,0,62,834.7144159,3915,32.4062774,34.8728998,מועצה אזורית עמק חפר,ישוב
חבצלת השרון,474,70,6,0,0,0,62,262.718876,3915,32.3610498,34.8616896,מועצה אזורית עמק חפר,ישוב
כפר נטר,1143,24,10,0,0,0,62,618.0309568,3021,32.279642,34.8769601,מועצה אזורית חוף השרון,ישוב
רשפון,1471,26,6,0,0,0,63,795.3836721,3021,32.1995547,34.8244371,מועצה אזורית חוף השרון,ישוב
כפר זיתים,819,51,5,0,0,0,71,399.66216,4622,32.8106577,35.4637873,מועצה אזורית גליל תחתון,ישוב
דוב״ב,464,4,6,0,0,0,71,246.6480957,7875,33.0524574,35.4074874,מועצה אזורית מרום הגליל,ישוב
רומת היב,2217,192,13,0,0,0,69,1016.072243,664,32.7784833,35.305222,מועצה אזורית אל בטוף,ישוב
עוזיר,3511,176,17,0,0,0,69,1609.124786,664,32.7900696,35.3271751,מועצה אזורית אל בטוף,ישוב
דמיידה,563,175,7,0,0,0,66,266.7827238,8060,32.8154622,35.2271343,מועצה אזורית משגב,ישוב
סלמה,3552,196,14,0,0,0,72,1683.147817,8060,32.8936503,35.3699046,מועצה אזורית משגב,ישוב
צורית,949,345,4,0,0,0,70,449.6923581,8060,32.9030676,35.2523745,מועצה אזורית משגב,ישוב
מכמנים,609,488,4,0,0,0,72,288.5802402,8060,32.9061108,35.3287602,מועצה אזורית משגב,ישוב
יובלים,1100,189,5,0,0,0,70,521.245101,8060,32.8775051,35.2705626,מועצה אזורית משגב,ישוב
טל-אל,1271,116,5,0,0,0,66,602.2750272,8060,32.9272624,35.1772552,מועצה אזורית משגב,ישוב
מירון,1136,703,10,0,0,0,71,603.8625794,7875,32.9886409,35.440278,מועצה אזורית מרום הגליל,ישוב
עין אל אסד,920,536,11,0,0,0,72,489.0436408,7875,32.9402935,35.4010052,מועצה אזורית מרום הגליל,ישוב
שזור,306,282,5,0,0,0,68,162.660169,7875,32.9327346,35.3535015,מועצה אזורית מרום הגליל,ישוב
עלמה,698,674,8,0,0,0,71,371.0352852,7875,33.0521283,35.4988072,מועצה אזורית מרום הגליל,ישוב
כרם בן זמרה,535,822,6,0,0,0,71,284.3895044,7875,33.0388862,35.468049,מועצה אזורית מרום הגליל,ישוב
כפר חנניה,781,326,8,0,0,0,72,415.1555278,7875,32.9161093,35.4241459,מועצה אזורית מרום הגליל,ישוב
טפחות,492,82,5,0,0,0,71,261.5320308,7875,32.8684279,35.4238096,מועצה אזורית מרום הגליל,ישוב
ריחאנייה,1242,673,4,0,0,0,71,660.208911,7875,33.0482032,35.4872846,מועצה אזורית מרום הגליל,ישוב
חוואלד,773,119,5,0,0,0,61,312.1100664,6459,32.7707681,35.1360134,מועצה אזורית זבולון,ישוב
שייח דנון,3031,84,11,0,0,0,66,1433.842213,7403,32.9943175,35.1479211,מועצה אזורית מטה אשר,ישוב
עמקה,833,81,12,0,0,0,67,394.0582446,7403,32.9792441,35.1642671,מועצה אזורית מטה אשר,ישוב
נתיב השיירה,504,43,15,0,0,0,66,238.4218019,7403,32.9928246,35.1355166,מועצה אזורית מטה אשר,ישוב
ערב אל עראמשה,1750,428,28,0,0,0,69,827.8534611,7403,33.0908246,35.2135827,מועצה אזורית מטה אשר,ישוב
כפר חסידים,1143,14,11,0,0,0,58,461.5029802,6459,32.7519478,35.0935521,מועצה אזורית זבולון,ישוב
כפר ביאליק,835,10,4,0,0,0,63,337.143474,6459,32.8203929,35.0869133,מועצה אזורית זבולון,ישוב
נופית,2546,178,13,0,0,0,60,1027.984767,6459,32.7586157,35.14735,מועצה אזורית זבולון,ישוב
"כפר ביל""ו",null,63,4,0,0,0,58,null,1980,31.8774823,34.8203144,מועצה אזורית גזר,ישוב
משמרת,1058,60,4,0,0,0,61,554.2330075,2909,32.2279787,34.9220495,מועצה אזורית לב השרון,ישוב
עזריאל,876,53,7,0,0,0,60,458.8923635,2909,32.2629094,34.9712077,מועצה אזורית לב השרון,ישוב
ינוב,937,46,14,0,0,0,60,490.8471951,2909,32.3060551,34.9504619,מועצה אזורית לב השרון,ישוב
ניצני עוז,1121,43,12,0,0,0,59,587.235541,2909,32.3054855,35.0048861,מועצה אזורית לב השרון,ישוב
פורת,1295,57,5,0,0,0,61,678.3853902,2909,32.2762739,34.9494718,מועצה אזורית לב השרון,ישוב
נורדיה,1991,50,5,0,0,0,62,1042.984799,2909,32.31478,34.8961822,מועצה אזורית לב השרון,ישוב
עין ורד,1564,62,8,0,0,0,61,819.300965,2909,32.2653177,34.9317604,מועצה אזורית לב השרון,ישוב
תנובות,863,40,10,0,0,0,60,452.0823139,2909,32.305202,34.9620671,מועצה אזורית לב השרון,ישוב
צור משה,3253,51,12,0,0,0,62,1704.083158,2909,32.2978073,34.9135462,מועצה אזורית לב השרון,ישוב
עין שריד,1638,63,6,0,0,0,61,858.0658462,2909,32.2741205,34.9353718,מועצה אזורית לב השרון,ישוב
להבות חביבה,1061,42,5,0,0,0,61,546.4728088,6667,32.3958732,35.0103906,מועצה אזורית מנשה,ישוב
שדה יצחק,730,31,5,0,0,0,61,375.9897792,6667,32.4051186,34.9938162,מועצה אזורית מנשה,ישוב
מאור,1479,32,5,0,0,0,65,761.7655846,6667,32.4239237,35.006394,מועצה אזורית מנשה,ישוב
כפר הנוער בן שמן,null,null,null,0,0,0,59,null,6080,31.9593427,34.9292611,מועצה אזורית חבל מודיעין,ישוב
גבעת כח,null,135,5,0,0,0,52,null,6080,32.0302781,34.936667,מועצה אזורית חבל מודיעין,ישוב
אבו ליבדה,null,null,null,0,0,0,56,null,3667,31.9720509,34.845673,מועצה אזורית שדות דן,ישוב
דהמש,null,null,null,0,0,0,58,null,3667,31.9436754,34.8670813,מועצה אזורית שדות דן,ישוב
כפר הרא״ה,null,null,2,0,0,0,61,null,3915,32.3897506,34.9118525,מועצה אזורית עמק חפר,ישוב
ארסוף,null,null,null,0,0,0,62,null,3021,32.2141274,34.8168147,מועצה אזורית חוף השרון,ישוב
חוות השומר,null,null,null,0,0,0,71,null,4622,32.7580406,35.4038394,מועצה אזורית גליל תחתון,ישוב
ואדי אל-חמאם,null,null,null,0,0,0,71,null,664,32.8295555,35.4903983,מועצה אזורית אל בטוף,ישוב
מעלה צביה,null,null,null,0,0,0,72,null,8060,32.8894552,35.3306239,מועצה אזורית משגב,ישוב
שומרת,null,17,3,0,0,0,64,null,7403,32.9504776,35.0965233,מועצה אזורית מטה אשר,ישוב
הר חלוץ,null,823,null,0,0,0,72,null,8060,32.950674,35.3121922,מועצה אזורית משגב,ישוב
מצפה אביב,null,122,null,0,0,0,65,null,8060,32.8369091,35.2020716,מועצה אזורית משגב,ישוב
עראמשה,null,428,null,0,0,0,69,null,7403,33.0885693,35.2265036,מועצה אזורית מטה אשר,ישוב
גבעת חביבה,null,22,null,0,0,0,66,null,6667,32.4580225,35.0219504,מועצה אזורית מנשה,ישוב
יחד,null,null,null,0,0,0,71,null,8060,32.845569,35.360563,מועצה אזורית משגב,ישוב
פלך,202,497,1,1,0,0,70,95.71955513,8060,32.9338767,35.2335678,מועצה אזורית משגב,ישוב
חמדון,null,null,null,0,0,0,72,null,8060,32.8849239,35.3646877,מועצה אזורית משגב,ישוב
ערב אל מוריסאת,null,null,null,0,0,0,72,null,8060,32.8906881,35.3656747,מועצה אזורית משגב,ישוב
חוג'ייראת,null,null,null,0,0,0,69,null,8060,32.8349762,35.2891689,מועצה אזורית משגב,ישוב
כמאנה מזרחית,null,null,null,0,0,0,72,null,8060,32.9085306,35.3545572,מועצה אזורית משגב,ישוב
כמאנה,null,null,null,0,0,0,68,null,8060,32.9087019,35.3364985,מועצה אזורית משגב,ישוב
ליבנים,null,null,null,0,0,0,71,null,7875,32.8639423,35.4935744,מועצה אזורית מרום הגליל,ישוב
ענבר,null,null,null,0,0,0,72,null,7875,32.9101401,35.4226255,מועצה אזורית מרום הגליל,ישוב
כרי נעמן,null,null,null,0,0,0,64,null,7403,32.8811651,35.0991091,מועצה אזורית מטה אשר,ישוב
ימין אורד,null,null,null,0,0,0,54,null,13678,32.7016557,34.9897773,מועצה אזורית חוף הכרמל,ישוב
אפק,763,46,2,1,1,1,63,360.9441184,7403,32.8401655,35.1278912,מועצה אזורית מטה אשר,ישוב
אדמית,286,430,1,1,1,1,69,135.294911,7403,33.0795856,35.2102543,מועצה אזורית מטה אשר,ישוב
אילון,1111,70,4,1,1,1,69,525.5686869,7403,33.0633456,35.2197473,מועצה אזורית מטה אשר,ישוב
אחיהוד,925,42,4,1,1,1,66,437.5796851,7403,32.908312,35.1723837,מועצה אזורית מטה אשר,ישוב
כפר פינס,1102,59,3,0,0,0,69,567.590038,6667,32.4838889,35.0034441,מועצה אזורית מנשה,ישוב
כפר גליקסון,356,62,1,0,0,0,67,183.3593993,6667,32.504959,35.004799,מועצה אזורית מנשה,ישוב
אום אל קוטוף,1201,329,7,0,0,0,61,618.5804411,6667,32.468056,35.058889,מועצה אזורית מנשה,ישוב
מי עמי,361,465,1,0,0,0,58,185.9346673,6667,32.5046656,35.1465087,מועצה אזורית מנשה,ישוב
מגל,1219,72,9,0,0,0,61,627.8514217,6667,32.38522,35.0351579,מועצה אזורית מנשה,ישוב
קציר,2944,336,12,0,0,0,57,1516.320401,6667,32.4886297,35.1016891,מועצה אזורית מנשה,ישוב
מצפה אילן,763,129,1,0,0,0,63,392.9865736,6667,32.461529,35.0691813,מועצה אזורית מנשה,ישוב
אל עריאן,190,84,2,0,0,0,57,97.86035172,6667,32.4979223,35.1255776,מועצה אזורית מנשה,ישוב
מייסר,2115,51,null,0,0,0,65,null,6667,32.4451045,35.0404881,מועצה אזורית מנשה,ישוב
תלמי אלעזר,931,27,3,0,0,0,65,479.5157224,6667,32.4431655,34.9737349,מועצה אזורית מנשה,ישוב
שתולה,311,654,3,0,0,0,70,185.8237121,6874,33.084763,35.3143141,מועצה אזורית מעלה יוסף,ישוב
צוריאל,405,636,10,0,0,0,71,241.9890826,6874,33.0059947,35.3141186,מועצה אזורית מעלה יוסף,ישוב
עין יעקב,1226,421,8,0,0,0,69,732.5397833,6874,33.0095478,35.2292923,מועצה אזורית מעלה יוסף,ישוב
לפידות,126,471,1,0,0,0,71,75.28548847,6874,32.9592382,35.2620596,מועצה אזורית מעלה יוסף,ישוב
עבדון,674,176,4,0,0,0,68,402.7176297,6874,33.0479451,35.1794373,מועצה אזורית מעלה יוסף,ישוב
זרעית,237,23,5,0,0,0,70,141.6084227,6874,33.0996431,35.2886449,מועצה אזורית מעלה יוסף,ישוב
חוסן,1193,293,4,0,0,0,71,712.8221509,6874,32.9975754,35.2979856,מועצה אזורית מעלה יוסף,ישוב
מעונה,965,470,12,0,0,0,70,576.5912608,6874,33.0167071,35.2597388,מועצה אזורית מעלה יוסף,ישוב
אבן מנחם,285,608,10,0,0,0,70,170.2886094,6874,33.0736105,35.2941382,מועצה אזורית מעלה יוסף,ישוב
אלקוש,275,31,2,0,0,0,71,164.3135753,6874,33.0341637,35.3241745,מועצה אזורית מעלה יוסף,ישוב
שומרה,373,551,8,0,0,0,70,222.8689516,6874,33.0818094,35.2841818,מועצה אזורית מעלה יוסף,ישוב
יערה,806,162,7,0,0,0,68,481.5881464,6874,33.0674207,35.1858477,מועצה אזורית מעלה יוסף,ישוב
מנות,525,247,5,0,0,0,68,313.6895494,6874,33.0383637,35.1946918,מועצה אזורית מעלה יוסף,ישוב
פקיעין החדשה,624,540,9,0,0,0,71,372.8424336,6874,32.9830176,35.3227602,מועצה אזורית מעלה יוסף,ישוב
נווה זיו,1025,211,2,0,0,0,68,612.4414974,6874,33.0275858,35.1834948,מועצה אזורית מעלה יוסף,ישוב
מצפה הילה,null,null,null,0,0,0,70,null,6874,33.0358267,35.2443398,מועצה אזורית מעלה יוסף,ישוב
אבירים,310,36,2,0,0,0,71,185.2262107,6874,33.0386467,35.2871399,מועצה אזורית מעלה יוסף,ישוב
מתת,227,805,3,0,0,0,71,135.6333821,6874,33.0415441,35.3598303,מועצה אזורית מעלה יוסף,ישוב
נטועה,323,652,1,0,0,0,71,192.993762,6874,33.0649415,35.3233116,מועצה אזורית מעלה יוסף,ישוב
גרנות הגליל,267,347,1,0,0,0,70,159.5335442,6874,33.0595371,35.2496455,מועצה אזורית מעלה יוסף,ישוב
גיתה,296,199,1,0,0,0,70,176.8611513,6874,32.9672482,35.249074,מועצה אזורית מעלה יוסף,ישוב
אביאל,816,725,7,0,0,0,62,471.6992486,16768,32.5325097,34.9933907,מועצה אזורית אלונה,ישוב
"גבעת ניל""י",704,113,2,0,0,0,63,406.9562142,16768,32.5472691,35.0423428,מועצה אזורית אלונה,ישוב
עמיקם,741,82,6,0,0,0,61,428.3445372,16768,32.5638651,35.020477,מועצה אזורית אלונה,ישוב
עמיעוז,218,127,2,0,0,0,60,98.59332076,5304,31.24831,34.4139745,מועצה אזורית אשכול,ישוב
עין השלושה,353,100,1,0,0,0,59,159.648818,5304,31.3513501,34.400966,מועצה אזורית אשכול,ישוב
בארי,1071,7,1,0,0,0,60,484.3736117,5304,31.4241619,34.4911156,מועצה אזורית אשכול,ישוב
גבולות,421,116,1,0,0,0,61,190.4026997,5304,31.2111135,34.4652467,מועצה אזורית אשכול,ישוב
רעים,422,49,1,0,0,0,60,190.8549657,5304,31.3848038,34.4585901,מועצה אזורית אשכול,ישוב
ישע,426,119,2,0,0,0,60,192.6640159,5304,31.246415,34.4032541,מועצה אזורית אשכול,ישוב
מגן,540,119,2,0,0,0,60,244.2219891,5304,31.2990681,34.4289248,מועצה אזורית אשכול,ישוב
כרם שלום,220,88,1,0,0,0,59,99.49784587,5304,31.2277096,34.2839544,מועצה אזורית אשכול,ישוב
סופה,233,85,1,0,0,0,60,105.3772695,5304,31.2365143,34.3426422,מועצה אזורית אשכול,ישוב
חולית,210,81,1,0,0,0,59,94.9752203,5304,31.2318728,34.3265102,מועצה אזורית אשכול,ישוב
פרי גן,249,92,1,0,0,0,60,112.6134704,5304,31.2228545,34.3528747,מועצה אזורית אשכול,ישוב
תלמי יוסף,331,111,1,0,0,0,60,149.6990348,5304,31.2005275,34.3638285,מועצה אזורית אשכול,ישוב
דקל,392,558,3,0,0,0,60,177.2870751,5304,31.194067,34.3478622,מועצה אזורית אשכול,ישוב
שדי אברהם,360,86,1,0,0,0,60,162.8146594,5304,31.2121265,34.3358477,מועצה אזורית אשכול,ישוב
אבשלום,382,71,2,0,0,0,60,172.7644426,5304,31.1950932,34.3307877,מועצה אזורית אשכול,ישוב
יבול,352,85,1,0,0,0,60,159.1965589,5304,31.1887802,34.3203981,מועצה אזורית אשכול,ישוב
אוהד,409,309,2,0,0,0,60,184.9755421,5304,31.2377429,34.4304539,מועצה אזורית אשכול,ישוב
צוחר,452,135,3,0,0,0,60,204.4228494,5304,31.2360988,34.4270729,מועצה אזורית אשכול,ישוב
תלמי אליהו,320,136,3,0,0,0,60,144.7241432,5304,31.2300278,34.4294776,מועצה אזורית אשכול,ישוב
שדה ניצן,393,135,1,0,0,0,60,177.7393342,5304,31.2284956,34.4174077,מועצה אזורית אשכול,ישוב
בני נצרים,916,52,1,0,0,0,60,414.2728564,5304,31.140986,34.3147298,מועצה אזורית אשכול,ישוב
נווה,1333,100,1,0,0,0,60,602.8665058,5304,31.1620776,34.3300605,מועצה אזורית אשכול,ישוב
שלומית,469,93,2,0,0,0,60,212.1113232,5304,31.1685255,34.3035802,מועצה אזורית אשכול,ישוב
הודיה,604,223,2,0,0,0,55,290.8276548,1396,31.6756487,34.6398404,מועצה אזורית חוף אשקלון,ישוב
מבקיעים,517,57,4,0,0,0,56,248.9369181,1396,31.6221558,34.5771198,מועצה אזורית חוף אשקלון,ישוב
משען,1043,50,2,0,0,0,54,502.2073603,1396,31.6576442,34.6237776,מועצה אזורית חוף אשקלון,ישוב
ברכיה,1242,725,7,0,0,0,54,598.0263998,1396,31.6678257,34.6268196,מועצה אזורית חוף אשקלון,ישוב
בית שיקמה,893,53,3,0,0,0,53,429.9819452,1396,31.6374791,34.6104564,מועצה אזורית חוף אשקלון,ישוב
גברעם,674,94,1,0,0,0,58,324.5328509,1396,31.5909454,34.6115031,מועצה אזורית חוף אשקלון,ישוב
כוכב מיכאל,1122,94,8,0,0,0,57,540.2460714,1396,31.6274859,34.6670889,מועצה אזורית חוף אשקלון,ישוב
גיאה,972,42,7,0,0,0,55,468.0206655,1396,31.6275573,34.6024158,מועצה אזורית חוף אשקלון,ישוב
חלץ,504,25,3,1,0,0,59,242.6773811,1396,31.5774293,34.6575334,מועצה אזורית חוף אשקלון,ישוב
זיקים,918,40,1,0,0,0,54,442.0195113,1396,31.609373,34.5221474,מועצה אזורית חוף אשקלון,ישוב
ניצנים,624,35,1,0,0,0,56,300.4577095,1396,31.7168321,34.634187,מועצה אזורית חוף אשקלון,ישוב
תלמי יפה,808,73,1,0,0,0,56,389.0542149,1396,31.6168578,34.6132893,מועצה אזורית חוף אשקלון,ישוב
ניצן,2696,39,8,0,0,0,57,1298.131385,1396,31.7399419,34.6318163,מועצה אזורית חוף אשקלון,ישוב
נתיב העשרה,948,60,3,0,0,0,54,456.464598,1396,31.5716799,34.5395488,מועצה אזורית חוף אשקלון,ישוב
בת הדר,760,34,2,0,0,0,52,365.9420798,1396,31.646519,34.5960329,מועצה אזורית חוף אשקלון,ישוב
באר גנים,2153,53,4,0,0,0,54,1036.675393,1396,31.7000465,34.610653,מועצה אזורית חוף אשקלון,ישוב
ניצן ב׳,317,37,null,0,0,0,57,152.6363707,1396,31.7361186,34.6359688,מועצה אזורית חוף אשקלון,ישוב
כרמיה,656,29,1,0,0,0,54,315.8657934,1396,31.6053505,34.5430183,מועצה אזורית חוף אשקלון,ישוב
מלילות,398,112,3,0,0,0,62,173.8680108,1367,31.3900104,34.5959269,מועצה אזורית שדות נגב,ישוב
תקומה,724,130,2,0,0,0,62,316.282508,1367,31.4485605,34.5775724,מועצה אזורית שדות נגב,ישוב
כפר מימון,438,99,null,0,0,0,61,191.3421812,1367,31.4308052,34.5363846,מועצה אזורית שדות נגב,ישוב
מעגלים,2075,127,4,0,0,0,62,906.4726599,1367,31.3974042,34.5983178,מועצה אזורית שדות נגב,ישוב
בית הגדי,867,18,6,0,0,0,62,378.7526714,1367,31.4239086,34.606739,מועצה אזורית שדות נגב,ישוב
גבעולים,426,228,3,0,0,0,62,186.0999281,1367,31.3963714,34.5915141,מועצה אזורית שדות נגב,ישוב
יזרעם,null,null,null,0,0,0,62,null,1367,31.4428197,34.5729015,מועצה אזורית שדות נגב,ישוב
שוקדה,665,82,1,0,0,0,61,290.5081064,1367,31.4216668,34.5253818,מועצה אזורית שדות נגב,ישוב
סעד,838,103,1,0,0,0,61,366.0838951,1367,31.470029,34.5355347,מועצה אזורית שדות נגב,ישוב
תושייה,891,107,2,0,0,0,61,389.2371726,1367,31.4332368,34.5411813,מועצה אזורית שדות נגב,ישוב
זימרת,685,25,null,0,0,0,62,299.2451916,1367,31.4472752,34.55233,מועצה אזורית שדות נגב,ישוב
שיבולים,308,130,3,0,0,0,62,134.55112,1367,31.3959804,34.6089348,מועצה אזורית שדות נגב,ישוב
יושיביה,747,131,3,0,0,0,63,326.3301552,1367,31.4435485,34.6091452,מועצה אזורית שדות נגב,ישוב
כפר עזה,787,89,1,0,0,0,60,317.2546451,7495,31.4833351,34.5333225,מועצה אזורית שער הנגב,ישוב
דורות,915,414,1,0,0,0,63,368.8538789,7495,31.506606,34.645993,מועצה אזורית שער הנגב,ישוב
נחל עוז,479,70,2,0,0,0,59,193.0939965,7495,31.4724074,34.4982114,מועצה אזורית שער הנגב,ישוב
ארז,616,39,1,0,0,0,55,248.3212972,7495,31.5605003,34.5666313,מועצה אזורית שער הנגב,ישוב
ניר עם,726,115,2,0,0,0,63,292.6643895,7495,31.5193144,34.5807617,מועצה אזורית שער הנגב,ישוב
יכיני,730,129,6,0,0,0,63,294.276865,7495,31.4832232,34.6000858,מועצה אזורית שער הנגב,ישוב
אור הנר,835,29,1,0,0,0,59,336.6043583,7495,31.5575591,34.6000531,מועצה אזורית שער הנגב,ישוב
צופים,2553,153,1,0,0,0,59,963.8022175,3090,32.1981952,35.0096527,מועצה אזורית שומרון,ישוב
סלעית,1450,248,5,0,0,0,59,547.4004012,3090,32.2428207,35.0508118,מועצה אזורית שומרון,ישוב
אבני חפץ,2363,92,9,0,0,0,59,892.0738944,3090,32.2847457,35.0735508,מועצה אזורית שומרון,ישוב
שבי שומרון,1083,335,4,0,0,0,59,408.8514649,3090,32.2632266,35.1847555,מועצה אזורית שומרון,ישוב
עינב,null,291,null,0,0,0,59,null,3090,32.284654,35.1264335,מועצה אזורית שומרון,ישוב
עלי זהב,4647,350,5,0,0,0,57,1754.32391,3090,32.071123,35.0633541,מועצה אזורית שומרון,ישוב
פדואל,2084,370,1,0,0,0,57,786.7465013,3090,32.0618402,35.0531672,מועצה אזורית שומרון,ישוב
חיננית,1659,419,3,0,0,0,58,626.3015643,3090,32.4807492,35.1735487,מועצה אזורית שומרון,ישוב
שקד,1128,405,3,0,0,0,58,425.8397556,3090,32.4737016,35.1686012,מועצה אזורית שומרון,ישוב
ריחן,408,363,2,0,0,0,58,154.0271506,3090,32.4687018,35.1352008,מועצה אזורית שומרון,ישוב
עץ אפרים,null,216,6,0,0,0,57,null,3090,32.1191908,35.0469433,מועצה אזורית שומרון,ישוב
שערי תקוה,null,179,16,0,0,0,57,null,3090,32.1206446,35.0292622,מועצה אזורית שומרון,ישוב
איתמר,1470,156,1,0,0,0,58,554.9507526,3090,32.1744995,35.3083649,מועצה אזורית שומרון,ישוב
אלון מורה,2105,149,19,0,0,0,59,794.6743795,3090,32.2357073,35.3316268,מועצה אזורית שומרון,ישוב
הר ברכה,null,null,null,0,0,0,58,null,3090,32.1924095,35.2651028,מועצה אזורית שומרון,ישוב
חרמש,245,813,1,0,0,0,59,92.49178954,3090,32.4232445,35.1187592,מועצה אזורית שומרון,ישוב
טל מנשה,null,null,null,0,0,0,58,null,3090,32.4834453,35.1604264,מועצה אזורית שומרון,ישוב
יצהר,2093,759,2,0,0,0,58,790.1441656,3090,32.1686097,35.2337655,מועצה אזורית שומרון,ישוב
יקיר,2586,396,3,0,0,0,58,976.2603097,3090,32.1493843,35.1145215,מועצה אזורית שומרון,ישוב
כפר תפוח,1639,654,3,0,0,0,58,618.7512129,3090,32.1190711,35.2500919,מועצה אזורית שומרון,ישוב
מבוא דותן,612,314,2,0,0,0,59,231.0407258,3090,32.4207276,35.1748061,מועצה אזורית שומרון,ישוב
מגדלים,592,775,2,0,0,0,58,223.4903744,3090,32.0898796,35.3423054,מועצה אזורית שומרון,ישוב
קריית נטפים,1009,431,2,0,0,0,58,380.9151739,3090,32.1164532,35.1126872,מועצה אזורית שומרון,ישוב
רחלים,1062,552,2,0,0,0,58,400.9236021,3090,32.1028268,35.2569545,מועצה אזורית שומרון,ישוב
נופי נחמיה,null,null,null,0,0,0,58,null,3090,32.0982619,35.2360311,מועצה אזורית שומרון,ישוב
ברוכין,2412,73,2,0,0,0,57,910.5722616,3090,32.0821317,35.0907027,מועצה אזורית שומרון,ישוב
סנה יעקב,null,null,null,0,0,0,58,null,3090,32.178602,35.2623832,מועצה אזורית שומרון,ישוב
גבעה 851,null,null,null,0,0,0,58,null,3090,32.1667395,35.3359648,מועצה אזורית שומרון,ישוב
גבעות עולם,null,null,null,0,0,0,58,null,3090,32.1611267,35.3528306,מועצה אזורית שומרון,ישוב
ברקן,2040,81,1,0,0,0,58,770.1357374,3090,32.1066179,35.1065559,מועצה אזורית שומרון,ישוב
נופים,1174,386,2,0,0,0,58,443.2055731,3090,32.1552683,35.1008663,מועצה אזורית שומרון,ישוב
רבבה,2950,422,1,0,0,0,58,1113.676681,3090,32.1191025,35.1276417,מועצה אזורית שומרון,ישוב
לשם,null,null,null,0,0,0,57,null,3090,32.0697182,35.0508392,מועצה אזורית שומרון,ישוב
שלהבת,null,null,null,0,0,0,58,null,3090,32.1705589,35.2281785,מועצה אזורית שומרון,ישוב
נחלה,725,123,7,0,0,0,60,131.9799483,7355,32.1703633,35.2329128,מועצה אזורית שומרון,ישוב
נחלה,725,123,7,0,0,0,60,517.3103645,7355,32.1703633,35.2329128,מועצה אזורית שומרון,ישוב
שכונת הקראוונים,null,null,null,0,0,0,58,null,3090,32.1690662,35.239316,מועצה אזורית שומרון,ישוב
חומש,null,null,null,0,0,0,59,null,3090,32.3093084,35.1925982,מועצה אזורית שומרון,ישוב
מעוז צבי,null,null,null,0,0,0,59,null,3090,32.424935,35.1651345,מועצה אזורית שומרון,ישוב
חרבת סורוג',null,null,null,0,0,0,59,null,3090,32.4875247,35.1968481,מועצה אזורית שומרון,ישוב
אום א-ריחאן,null,null,null,0,0,0,58,null,3090,32.4835623,35.141936,מועצה אזורית שומרון,ישוב
טורה אל-שרקייה,null,null,null,0,0,0,58,null,3090,32.4662099,35.1657712,מועצה אזורית שומרון,ישוב
חרבת אל-מונטאר אל ר'רבייה,null,null,null,0,0,0,58,null,3090,32.4611891,35.1127953,מועצה אזורית שומרון,ישוב
חוות אלומות,null,null,null,0,0,0,58,null,3090,32.1607414,35.3342055,מועצה אזורית שומרון,ישוב
